conversation_id_str,created_at,favorite_count,full_text,id_str,image_url,in_reply_to_screen_name,lang,location,quote_count,reply_count,retweet_count,tweet_url,user_id_str,username;;
1903080014502846655,Fri Mar 21 13:43:27 +0000 2025,6521,Bandung hari ini we will not back down #TolakRevisiUUTNI #IndonesiaGelap https://t.co/eghn54O1uw,1903080014502846655,https://pbs.twimg.com/media/GmkZCqHaEAIFzqW.jpg,,en,,16,106,2176,https://x.com/_whitedukeX/status/1903080014502846655,166900807,_whitedukeX;;
1903045042681627122,Fri Mar 21 11:24:29 +0000 2025,8761,FUCK POLICE #TolakRUUTNI #TolakRevisiUUTNI #PeringatanDarurat #IndonesiaGelap #TolakDwifungsiABRI #TolakRUUPolri #TolakRUUKejaksaan https://t.co/7a9q7utDZg,1903045042681627122,https://pbs.twimg.com/amplify_video_thumb/1903044973743968257/img/XcGfQRE-0P58DMHH.jpg,,en,GF,41,765,4042,https://x.com/geemiily/status/1903045042681627122,1399153200779853830,geemiily;;
1902566757228859658,Thu Mar 20 03:43:57 +0000 2025,67638, Gass #TolakRUUTNI #IndonesiaGelap https://t.co/0pGBpKdQKH,1902566757228859658,https://pbs.twimg.com/media/GmdGYUua8AMgQ8f.jpg,,en,Markas efpiay Petamburan JKT,264,334,21464,https://x.com/Opposite6888/status/1902566757228859658,424908793,Opposite6888;;
1902695647662526477,Thu Mar 20 12:16:07 +0000 2025,85887,Review bakso #TolakRUUTNI #IndonesiaGelap #TolakDwifungsiABRI https://t.co/NbxvfWab6h,1902695647662526477,https://pbs.twimg.com/amplify_video_thumb/1902695300961316864/img/kHA41I9VEtn2eSnL.jpg,,tl,,923,225,29301,https://x.com/azzfdd/status/1902695647662526477,1110902806888636418,azzfdd;;
1902692277379883456,Thu Mar 20 12:02:43 +0000 2025,10277,Semakin takut dan muak jadi WNI tapi kalau bukan kita yang melawan lalu siapa lagi? #TolakRUUTNI #TolakRevisiUUTNI #PeringatanDarurat #IndonesiaGelap #TolakDwifungsiABRI https://t.co/YFFMUHKOmZ,1902692277379883456,https://pbs.twimg.com/amplify_video_thumb/1902692169049391104/img/BKP9O_g-sIqVbyoG.jpg,,in,,38,700,4055,https://x.com/senyuminajbrayy/status/1902692277379883456,1769851539248885762,senyuminajbrayy;;
1902613213931540874,Thu Mar 20 06:48:33 +0000 2025,37212,stop ignorant. ini tuh NGARUH buat hidup lo. bahkan se-simple kegiatan fangirl lo yang haha hihi itu bakal kena. please buka mata dan educate yourself sama keadaan di negara lo sekarang #TolakRUUTNI #TolakRevisiUUTNI #PeringatanDarurat #IndonesiaGelap #TolakDwifungsiABRI https://t.co/Lx1vi6obSv,1902613213931540874,https://pbs.twimg.com/media/GmdwoYua8AIkHPn.jpg,,in,she/her,251,2193,23560,https://x.com/halalazia/status/1902613213931540874,1311629397321936897,halalazia;;
1902660215843238060,Thu Mar 20 09:55:19 +0000 2025,50904,IF WE BURN YOU BURN WITH US!!!!! #IndonesiaGelap #GAGALKANUUTNI #TolakRUUTNI https://t.co/L1u7UgHoIF,1902660215843238060,https://pbs.twimg.com/amplify_video_thumb/1902660140115087360/img/6UnuYBlHT-IaaM4J.jpg,,en,She/Her,330,428,20260,https://x.com/nakaharadz/status/1902660215843238060,1555329492662398976,nakaharadz;;
1902904676900839593,Fri Mar 21 02:06:43 +0000 2025,48127,GUYSSS JANGAN LUPAKAN REVISI UU POLRI... PERPOINNYA ISINYA PEMBUNGKAMAN PENYADAPAN DOXXING. MEREKA MAU BUNGKAM KITA LAGI KAYAK 98 BEDANYA INI CYBER!! #TolakRUUPolri #IndonesiaGelap https://t.co/Bm1WD9kDRy,1902904676900839593,https://pbs.twimg.com/media/Gmh5t0NaEAUFfKJ.png,,in,mana mana,2111,505,32908,https://x.com/shoerinn/status/1902904676900839593,1457312310297460738,shoerinn;;
1902710754106822938,Thu Mar 20 13:16:09 +0000 2025,44601,Demi sang omega white lotus seorang emperor mengacak-acak konstitusi kerajaan #TolakRevisiUUTNI #TolakRUUTNI #TolakRUUPolri #TolakUUTNI #IndonesiaGelap https://t.co/kTbYhgpstw,1902710754106822938,https://pbs.twimg.com/media/GmfJSembsAA1FME.png,,in,Under your bed,553,436,16103,https://x.com/Potelot_mabur/status/1902710754106822938,1131979578656710657,Potelot_mabur;;
1902632652793852135,Thu Mar 20 08:05:48 +0000 2025,90938,bahasa bayi kenapa sih kok RUU TNI tuh salah. BACA YUK #TolakRUUTNI #TolakRevisiUUTNI #PeringatanDarurat #IndonesiaGelap #TolakDwifungsiABRI https://t.co/8gEQW9QzJT,1902632652793852135,https://pbs.twimg.com/media/GmeCT43bkAA474u.jpg,,in,relationsea ü¶ãü¶Ä,598,1082,56636,https://x.com/baymaxsad/status/1902632652793852135,1254922651534897152,baymaxsad;;
1902750445061177527,Thu Mar 20 15:53:52 +0000 2025,76512,#TolakRUUTNI #PeringatanDarurat #IndonesiaGelap https://t.co/jtx58GRr8N,1902750445061177527,https://pbs.twimg.com/media/GmftQG_W0AAzNOL.jpg,,qme,she/they - 19,196,252,28498,https://x.com/pizzapancakess_/status/1902750445061177527,2399233530,pizzapancakess_;;
1902602311916269957,Thu Mar 20 06:05:14 +0000 2025,32921,butuh suara kalian‚ÄºÔ∏è #TolakRUUTNI #TolakRevisiUUTNI #PeringatanDarurat #IndonesiaGelap https://t.co/W1ZrECWKA9,1902602311916269957,https://pbs.twimg.com/media/GmdmtzyawAAoZ-e.jpg,,in,jk‚Äôs,202,2558,19488,https://x.com/jjkstaan2/status/1902602311916269957,1720295195424751616,jjkstaan2;;
1902999676296761503,Fri Mar 21 08:24:13 +0000 2025,19689,jangan diam kita punya hak suara !! #TolakRUUTNI #TolakRevisiUUTNI #PeringatanDarurat #IndonesiaGelap #TolakDwifungsiABRI #TolakRUUPolri #TolakRUUKejaksaan https://t.co/nwFGBgbVDj,1902999676296761503,https://pbs.twimg.com/media/GmjQHvGboAAg1jB.jpg,,in,,180,2654,15147,https://x.com/ppnara_blossom/status/1902999676296761503,1618546598673547264,ppnara_blossom;;
1902602563729682856,Thu Mar 20 06:06:14 +0000 2025,81034,Pestanya si anjing si tikus dan si babi di sisi yang terang. #IndonesiaGelap #PeringatanDarurat https://t.co/XwU5QHcezv,1902602563729682856,https://pbs.twimg.com/media/Gmdm08_bMAAgBfH.jpg,,in,Indonesia,302,334,38295,https://x.com/muitsuyu/status/1902602563729682856,989722378161668097,muitsuyu;;
1902916817905193124,Fri Mar 21 02:54:58 +0000 2025,36745,Yuk kpopers mulai fokus lagi #TolakRUUTNI #TolakRevisiUUTNI #PeringatanDarurat #IndonesiaGelap #TolakDwifungsiABRI https://t.co/QZXj7rnfJH,1902916817905193124,https://pbs.twimg.com/media/GmiEwhlaEAAn3fb.jpg,,in,I miss Jaehyun,203,2694,14092,https://x.com/peachymgvrs/status/1902916817905193124,1212223160931586048,peachymgvrs;;
"1902753855479353446,Thu Mar 20 16:07:25 +0000 2025,8020,Alvin aja speak up dan bantu jelasin ke masyarakat pelawak gini otak sama empatinya masih ada kalau seleb tiktok lu itu masih penyepong omke ga omke gas berarti otak lu di pantat sih kata gua. #TolakRUUTNI #TolakRevisiUUTNI #IndonesiaGelap https://t.co/mNTLr4krHu,1902753855479353446,https://pbs.twimg.com/media/GmfwjEmbwAEzXr_.jpg,,in,""Olympus, pansexual. Dnfwc."",33,84,1925,https://x.com/kbacklight/status/1902753855479353446,1519374452819390465,kbacklight";;
1902645265502265459,Thu Mar 20 08:55:55 +0000 2025,50260,perempuan punya hak suara perempuan bisa bersuara perempuan mau bersuara perempuan harus bersuara. PEREMPUAN MENOLAK REVISI UU TNI PEREMPUAN MELAWAN #TolakRUUTNI #TolakRevisiUUTNI #PeringatanDarurat #IndonesiaGelap #TolakDwifungsiABRI https://t.co/57KarpVcqC,1902645265502265459,https://pbs.twimg.com/media/GmeNx_laQAAvRLK.jpg,,in,relationsea ü¶ãü¶Ä,346,1806,39444,https://x.com/baymaxsad/status/1902645265502265459,1254922651534897152,baymaxsad;;
"1902574682009895064,Thu Mar 20 04:15:26 +0000 2025,21086,wallahi we re finished #TolakRUUTNI #TolakRevisiUUTNI #PeringatanDarurat #IndonesiaGelap https://t.co/bBhwO1z5pc,1902574682009895064,https://pbs.twimg.com/media/GmdNldPa8AIc51a.jpg,,en,""Gangnam-gu, Seoul"",50,860,8657,https://x.com/xxrncies/status/1902574682009895064,1531894548825137152,xxrncies";;
"1902572648678502477,Thu Mar 20 04:42:22 +0000 2025,15795,@jorgianaaa Instansi mana lagi yang bisa dipercaya. #IndonesiaGelap https://t.co/J67r2nmPay,1902581457044001195,https://pbs.twimg.com/media/GmdTvqtbwAATLuo.jpg,jorgianaaa,in,""North Sumatra, Medan"",95,51,3403,https://x.com/Irfan5yah_Putra/status/1902581457044001195,224167637,Irfan5yah_Putra";;
1902703793680322650,Thu Mar 20 12:48:29 +0000 2025,14367,Siapapun yang lihat tulisan gua saat ini semoga kalian ada di jalan yang sama dengan gua: mencari keadilan. #TolakRUUTNI #TolakRevisiUUTNI #PeringatanDarurat #IndonesiaGelap #TolakDwifungsiABRI #ArtistBersuara #KembalikanTNIkeBarak https://t.co/cFi3EvkGbF,1902703793680322650,https://pbs.twimg.com/media/GmfDBEtbwAAlnsn.jpg,,in,work(s) & call center:,71,821,8325,https://x.com/kejengkangx/status/1902703793680322650,1417950001418829830,kejengkangx;;
1902981826324635656,Fri Mar 21 07:13:17 +0000 2025,28742,GUYS AYO BERISIK SEBELUM KEBIJAKAN INTERNET &amp; SOSMED KITA DI BATASI! INI ADA DI RUU AYO PLIS BERISIK! THIS IS OUR LAST CHANCE FIGHT LIKE THIS OUR LAST DAY! #TolakRUUTNI #TolakRevisiUUTNI #PeringatanDarurat #IndonesiaGelap #TolakDwifungsiABRI #TolakRUUPolri #TolakRUUKejaksaan https://t.co/v6QYfRLe66,1902981826324635656,https://pbs.twimg.com/media/Gmi_4hVaEAIlS1_.png,,in,heartlypoet,725,3193,25348,https://x.com/crankykay/status/1902981826324635656,1873689147074068480,crankykay;
1902719708748800320,Thu Mar 20 13:51:44 +0000 2025,13164,my country is in a dangerous situation when military officials are now be able to have double positions both in government and military and now civilians are tortured. pray for Indonesia. #IndonesiaGelap #TolakRevisiUUTNI #TolakUUTNI https://t.co/V6VvqVPg7K,1902719708748800320,https://pbs.twimg.com/amplify_video_thumb/1902660140115087360/img/6UnuYBlHT-IaaM4J.jpg,,en,#AlwaysWithILLIT,51,455,6731,https://x.com/parkistp/status/1902719708748800320,1680769480635592704,parkistp;;
1903082049948487981,Fri Mar 21 13:51:32 +0000 2025,5579,JANGAN KENDOR!!KALO BUKAN KITA YANG NGELAWAN MAU SIAPA LAGI?!! #TolakRUUTNI #TolakRevisiUUTNI #PeringatanDarurat #IndonesiaGelap #TolakDwifungsiABRI https://t.co/QvgjPIbTaD,1903082049948487981,https://pbs.twimg.com/media/GmkbCVLaEAEp_ri.jpg,,in,,41,1093,4633,https://x.com/fallforseungmin/status/1903082049948487981,1047655779178704897,fallforseungmin;;
1902954871533535669,Fri Mar 21 05:26:11 +0000 2025,4790,Indonesia makin gak kondusif kacau balau. ‚ÄºÔ∏èNaikinn ht jangan tutup mata‚ÄºÔ∏è ‚ÄºÔ∏èHELP RT LIKE AND REPLY‚ÄºÔ∏è #TolakRUUTNI #TolakRevisiUUTNI #PeringatanDarurat #IndonesiaGelap #TolakDwifungsiABRI https://t.co/5tBXxOrMRC,1902954871533535669,https://pbs.twimg.com/media/GminXVUaEAQSLY6.jpg,,in,she/her | 05L,43,1441,4302,https://x.com/valdacimolnrvt/status/1902954871533535669,1889726264988360704,valdacimolnrvt;;
1902705816953614370,Thu Mar 20 12:56:31 +0000 2025,8298,ini gila banget sih. semoga teman2 mahasiswa dan semuanya yang lagi demo di kasih kekuatan ya.... sakit hati banget gua sumpah #IndonesiaGelap #TolakRevisiUUTNI #PeringatanDarurat #TolakUUTNI https://t.co/N1ai05hYtb,1902705816953614370,https://pbs.twimg.com/amplify_video_thumb/1902705682752933888/img/nRZw80ATPPFMnUPq.jpg,,in,,43,181,3019,https://x.com/habibanonogal/status/1902705816953614370,1547608968939204609,habibanonogal;;
1902675086617751690,Thu Mar 20 10:54:25 +0000 2025,177240,POLISI KONTOL RAKYAT LU GINIIN? LU PAKE SENJATA AJG!? KITA CUMA MAU ASPIRASIIN SUARA RAKYAT DOANG KONTOL #IndonesiaGelap #TolakRevisiUUTNI #TolakDwifungsiABRI #ACAB https://t.co/38sSIh3IcU,1902675086617751690,https://pbs.twimg.com/media/Gmeo5qfbkAAgacB.jpg,,in,Aa Ojak Ginanjar,2004,2264,52534,https://x.com/blitzosucker/status/1902675086617751690,536353554,blitzosucker;;
1902963237597159474,Fri Mar 21 05:59:25 +0000 2025,35932,Jamuan hangat untuk para pengkhianat rakyat. #TolakRUUTNI #TolakRevisiUUTNI #PeringatanDarurat #IndonesiaGelap #TolakDwifungsiABRI #TolakRUUPolri #ArtistBersuara #KembalikanTNIkeBarak https://t.co/mrJGcmGFHN,1902963237597159474,https://pbs.twimg.com/media/Gmiu-qObwAA33OY.jpg,,in,,275,823,19002,https://x.com/caracaltamer/status/1902963237597159474,1242287027007016962,caracaltamer;;
1902954918908162347,Fri Mar 21 05:26:22 +0000 2025,6062,YANG KERJANYA LINDUNGIN RAKYAT SEKARANG CUMAN RAKYAT SENDIRI APARATNYA TUKANG PUKUL #TolakRUUTNI #TolakRevisiUUTNI #PeringatanDarurat #IndonesiaGelap #TolakDwifungsiABRI https://t.co/Lo0wQOLzNh,1902954918908162347,https://pbs.twimg.com/media/GminaDsaEAAucKw.jpg,,in,,42,676,4161,https://x.com/liddolmoonfairy/status/1902954918908162347,1304397018,liddolmoonfairy;;
"1902608823912951954,Thu Mar 20 06:31:07 +0000 2025,3120,Indonesia itu negara demokrasi bukan negara yang diperintah atas keinginan sendiri. #GagalkanRUUTNI #CabutRUUTNI #PeringatanDarurat #IndonesiaGelap https://t.co/PdswNrCHHH,1902608823912951954,https://pbs.twimg.com/media/GmdsozPacAAjS9b.jpg,,in,""Borneo, üáÆüá© | 8M1T!"",18,708,2455,https://x.com/mmingkiss/status/1902608823912951954,1464418129111662598,mmingkiss";;
"1902598711387287841,Thu Mar 20 05:50:56 +0000 2025,24341,Kita barangkali sudah tamat. [ #TolakRevisiUUTNI #TolakDwifungsiTNI #IndonesiaGelap ] https://t.co/qurBHFph6w,1902598711387287841,https://pbs.twimg.com/media/Gmdjb6gbYAAcZOK.png,,in,""‚òÖ ‚Äî He/him. RPS. Selective. 23+ üè≥Ô∏è‚Äçüåà";;
Proceed visiting with the precaution:;;
MDNI, Indogov slander, NSFW writer.;;
"‚Äî‚Äî‚Äî‚Äî‚Äî‚Äî‚Äî‚Äî‚Äî‚Äî‚Äî‚Äî‚Äî‚Äî‚Äî‚Äî‚Äî"",91,252,11838,https://x.com/ANARCHODES/status/1902598711387287841,1757071354816495616,ANARCHODES";;
1903048373021839607,Fri Mar 21 11:37:43 +0000 2025,1182,masa harus ada yang meninggal kaya 1998 si? #TolakRUUTNI #TolakRevisiUUTNI #PeringatanDarurat #IndonesiaGelap #TolakDwifungsiABRI #TolakRUUPolri #TolakRUUKejaksaan https://t.co/LTinDrV68t,1903048373021839607,https://pbs.twimg.com/media/Gmj8aPZbsAAxkaC.jpg,,in,,29,258,787,https://x.com/tee_lvre/status/1903048373021839607,1810351082222268425,tee_lvre;;
1902867981627167008,Thu Mar 20 23:40:55 +0000 2025,28497,HIDUP PEREMPUAN YANG MELAWAN! HIDUP PEREMPUAN YANG MELAWAN! HIDUP PEREMPUAN YANG MELAWAN! HIDUP PEREMPUAN YANG MELAWAN! HIDUP PEREMPUAN YANG MELAWAN! HIDUP PEREMPUAN YANG MELAWAN! #TolakRevisiUUTNI #TolakRUUTNI #PeringatanDarurat #IndonesiaGelap #TolakDwifungsiABRI https://t.co/LMyq5HxG8c,1902867981627167008,https://pbs.twimg.com/media/GmhYVmQaEAMM1D7.jpg,,in,wonki‚Äôs digital diary ü™ê,124,1694,18150,https://x.com/hourlyjaeyunki/status/1902867981627167008,1372049891174752259,hourlyjaeyunki;;
1903028821907083761,Fri Mar 21 10:20:02 +0000 2025,8072,AYO TERUS BERISIK JANGAN MAU DIBUNGKAM BALIKIN MILITER KE BARAK GAGALKAN RUU TNI #TolakRUUTNI #TolakRevisiUUTNI #PeringatanDarurat #IndonesiaGelap #TolakDwifungsiABRI https://t.co/SAns7fBc3o,1903028821907083761,https://pbs.twimg.com/media/GmjqnuCaEAAeNFk.jpg,,in,üáØüáµ,63,1240,5733,https://x.com/re41yd05/status/1903028821907083761,1598298551477764097,re41yd05;;
1902974734037553171,Fri Mar 21 06:45:06 +0000 2025,773,Bayangin perempuan makin gaada ruang gerak karena yg diatas isinya org cabul semua #TolakRUUTNI #TolakRevisiUUTNI #PeringatanDarurat #IndonesiaGelap #TolakDwifungsiABRI #TolakRUUPolri #TolakRUUKejaksaan https://t.co/Z75iNBezSm,1902974734037553171,https://pbs.twimg.com/media/Gmi5btdakAApeM4.jpg,,in,Thaienthu/mlbb/random,8,167,623,https://x.com/croazie/status/1902974734037553171,1106876389108547585,croazie;;
1902949933004755417,Fri Mar 21 05:06:33 +0000 2025,12941,ngehype KPop jalan ngehype kapal homosek lancar apalagi cuma naikin hastag buat negara lu sendiri keberatan yakali?! AYO JANGAN TONE DEAF CPT KITA LAWAN PENGUASA HAUS KEKUASAAN ITU SKRG‚ÄºÔ∏è #TolakRUUTNI #TolakRevisiUUTNI #PeringatanDarurat #IndonesiaGelap #TolakDwifungsiABRI https://t.co/rwEGN5Np99,1902949933004755417,https://pbs.twimg.com/media/Gmii4R4aEAE0Z6n.jpg,,in,homophobicdni.,153,3247,10058,https://x.com/chenataluv/status/1902949933004755417,1410986769328136199,chenataluv;;
1902998365928857747,Fri Mar 21 08:19:01 +0000 2025,8327, Saat itu hening tapi mencekam. Dan kami tidak ingin masa itu terulang. #ArtistBersuara #TolakRUUTNI #TolakRevisiUUTNI #PeringatanDarurat #IndonesiaGelap #TolakDwifungsiABRI https://t.co/nFcJjOeYHg,1902998365928857747,https://pbs.twimg.com/media/GmjOIPkbMAALpGu.jpg,,in,,45,1008,5761,https://x.com/LaWhatSuz/status/1902998365928857747,1552480736212840448,LaWhatSuz;;
1902978314798792969,Fri Mar 21 06:59:20 +0000 2025,1195,buat yg masih belum paham bisa baca tweetan ini ini bhsnya sangat mudah di pahami bgtt tolongg melek krn sekarang bener' udh ga ketolong ayo berisik!! #TolakRUUTNI #TolakRevisiUUTNI #PeringatanDarurat #IndonesiaGelap #TolakDwifungsiABRI #TolakRUUPolri #TolakRUUKejaksaan https://t.co/kbJ31hhb28,1902978314798792969,https://pbs.twimg.com/media/Gmi8r2nakAAZSKC.jpg,,in,,20,221,890,https://x.com/bluemazx_/status/1902978314798792969,1852274390999924736,bluemazx_;;
1902735121205400047,Thu Mar 20 14:52:58 +0000 2025,7423,Takut dibilang fomo ?? Fomo untuk negara sendiri gpp dong Menyuarakan hak suara kita itu gk ada salahnya Jadi jangan takut menyuarakan hak suara kita JANGAN MAU DIBODOHI PEMERINTAH ‚ÄºÔ∏è #GagalkanRUUTNI #CabutRUUTNI #PeringatanDarurat #IndonesiaGelap https://t.co/v2kekuNNOi,1902735121205400047,https://pbs.twimg.com/media/GmffgkTaYAA5wO6.jpg,,in,,60,929,5689,https://x.com/Xmsanrayy/status/1902735121205400047,1395253906528096256,Xmsanrayy;;
1903010487639449664,Fri Mar 21 09:07:11 +0000 2025,2397,Walaupun kecil aku masih punya suara. #TolakRUUTNI #TolakRevisiUUTNI #ArtistBersuara #IndonesiaGelap https://t.co/r2gZvEa68L,1903010487639449664,https://pbs.twimg.com/media/GmjZ8yVaEAA4ALb.jpg,,in,,10,176,1572,https://x.com/Daynimalz6/status/1903010487639449664,1303296950687510529,Daynimalz6;;
1902595243201159224,Thu Mar 20 05:37:09 +0000 2025,30834,pls tetap bersuara sempatkan #TolakRUUTNI #TolakRevisiUUTNI #PeringatanDarurat #IndonesiaGelap https://t.co/Z0uGTmKjLw,1902595243201159224,https://pbs.twimg.com/media/GmdgSXtbIAAJEpe.jpg,,in,BTS,177,1866,18578,https://x.com/busanbbys7/status/1902595243201159224,742542479027666944,busanbbys7;;
1903007018962862365,Fri Mar 21 08:53:24 +0000 2025,753,NEGARA KACAU DAN LO PEREMPUAN AYO BERSUARA JANGAN TUTUP MATA DAN TELINGA #TolakRUUTNI #TolakRevisiUUTNI #PeringatanDarurat #IndonesiaGelap #TolakDwifungsiABRI #TolakRUUPolri #TolakRUUKejaksaan https://t.co/tqGFVUNvF2,1903007018962862365,https://pbs.twimg.com/media/GmjWy8zaEAA0a9R.jpg,,in,,17,279,739,https://x.com/blueyciki/status/1903007018962862365,1728028357865119744,blueyciki;;
"1902504920915570901,Wed Mar 19 23:38:14 +0000 2025,3551,Terpantau dari bawah jembatan ke arah Simpang Kuningan. Mau ke mana bapak-bapak obesitas ini kok kayaknya takut sekali dengan rakyat yang hanya bawa aspirasi? #TolakRUUTNI #TolakRevisiUUTNI #IndonesiaGelap #PeringatanDarurat https://t.co/7eMGGwCSTZ,1902504920915570901,https://pbs.twimg.com/ext_tw_video_thumb/1902504891937116160/pu/img/SKHXp6sM-BL0_I0P.jpg,,in,""Kebayoran Lama, Jakarta"",24,47,1290,https://x.com/eyesofaquila/status/1902504920915570901,1750848806730735616,eyesofaquila";;
1903104111182065762,Fri Mar 21 15:19:12 +0000 2025,725,Demi Allah gue gpp ngetik segini banyak ke ratusan bahkan keribuan org. Gue jabanin asalkan mrk bisa melek politik dan sadar gmn kondisi indo sekarang #TolakRUUTNI #TolakRevisiUUTNI #PeringatanDarurat #IndonesiaGelap #TolakDwifungsiABRI #TolakRUUPolri #TolakRUUKejaksaan https://t.co/TiMOrZtWkX,1903104111182065762,https://pbs.twimg.com/media/GmkvGZbaEAQ53bJ.jpg,,in,pluto,10,139,315,https://x.com/imaginingning_/status/1903104111182065762,1488854674836844545,imaginingning_;;
1902669841183682945,Thu Mar 20 10:33:34 +0000 2025,14980,Buat teman kpop yang masih blom paham ttg apa itu RUU TNI Nih dijelasin pakai bahasa kpop jangan tone deaf ayo aspirasikan suara kalian Demi masa depan kita semua #GagalkanRUUTNI #CabutRUUTNI #PeringatanDarurat #IndonesiaGelap https://t.co/QNBAZV5zWF,1902669841183682945,https://pbs.twimg.com/media/GmekIzCaIAAOfZY.jpg,,in,,381,633,9070,https://x.com/Xmsanrayy/status/1902669841183682945,1395253906528096256,Xmsanrayy;;
1902585089311256771,Thu Mar 20 04:56:48 +0000 2025,4288,Rakyat mana yang kalian wakili kok enteng benar ucap Setuju dengan kompak saat sidang Undang Undang TNI ini tiba RUU perampasan aset diam diam bae kalian #PeringatanDarurat #IndonesiaGelap #TolakRevisiUUTNI #DPR https://t.co/09xLjJoJuM,1902585089311256771,https://pbs.twimg.com/ext_tw_video_thumb/1902584771529822208/pu/img/xw685zf8l06DyQsj.jpg,,in,dibawah langit diatas tanah,292,619,1982,https://x.com/la14ard/status/1902585089311256771,2373763375,la14ard;;
1902683926491173304,Thu Mar 20 11:29:32 +0000 2025,10331,Bertahan! #IndonesiaGelap #BubarkanDPR https://t.co/FtDriLc49d,1902683926491173304,https://pbs.twimg.com/media/Gmew8M0asAAikR4.jpg,,in,Yogyakarta,44,62,3511,https://x.com/suluhpergerakan/status/1902683926491173304,1454020076,suluhpergerakan;;
1902986961847275828,Fri Mar 21 07:33:42 +0000 2025,6038,temen-temen jangan sampai tagar/ht ini turun dari trending tetap serukan aspirasi kita tentang apa yang terjadi saat ini di Indonesia dan bisa tambahin kalimat yg berbeda biar gak spam yaa #TolakRUUTNI #TolakRevisiUUTNI #PeringatanDarurat #IndonesiaGelap #TolakDwifungsiABRI https://t.co/tjRQVXRF6o,1902986961847275828,https://pbs.twimg.com/media/GmjEjllaEAEIrJ2.jpg,,in,STAY 2Í∏∞ ‚Ä¢ INA-ENG,58,1256,5438,https://x.com/hanIogys/status/1902986961847275828,823496950523654144,hanIogys;;
1903248688237191605,Sat Mar 22 00:53:42 +0000 2025,585,tetap bersuara dari platform apapun yg kalian punya! #TolakUUTNI #PeringatanDarurat #IndonesiaGelap #TolakDwifungsiTNI #TolakRUUPolri #TolakRUUKejaksaan https://t.co/fTmLiMRPnZ,1903248688237191605,https://pbs.twimg.com/media/Gmmylt6asAAe41E.jpg,,in,BTS,6,229,709,https://x.com/busanbbys7/status/1903248688237191605,742542479027666944,busanbbys7;;
1902566227123503350,Thu Mar 20 03:41:51 +0000 2025,26951,SAHHHHHHH KITA ADA DI ERA ORBA 2.0 #TolakRUUTNI #INDONESIAGELAP #IndonesiaMasihGelap https://t.co/NOJGTrpOxB,1902566227123503350,https://pbs.twimg.com/amplify_video_thumb/1902566099578974211/img/CtdvlEAq6N5JojWb.jpg,,in,She/Her,189,203,8333,https://x.com/nakaharadz/status/1902566227123503350,1555329492662398976,nakaharadz;;
1902690421349691627,Thu Mar 20 11:55:21 +0000 2025,5139,#TolakRUUTNI #TolakRevisiUUTNI #PeringatanDarurat #IndonesiaGelap #TolakDwifungsiABRI https://t.co/ZbDzPbLnng,1902690421349691627,https://pbs.twimg.com/media/Gme22j2bwAE9aFW.jpg,,qme,Tiktok : sovuete,12,350,2316,https://x.com/bithermine/status/1902690421349691627,1512080289887289347,bithermine;;
1902737426969506288,Thu Mar 20 15:02:08 +0000 2025,1982,Fck parcok gila kalian #IndonesiaGelap https://t.co/RnvEkiSsW3,1902737426969506288,https://pbs.twimg.com/media/GmfhmphbMAAfFWi.jpg,,tl,,37,40,606,https://x.com/rakjarmelawan/status/1902737426969506288,1749643873612374017,rakjarmelawan;;
"1902578886816514472,Thu Mar 20 04:32:09 +0000 2025,7943,TW: suicide Aku mau hidup tapi terus dibunuh negara sendiri. #TolakUUTNI #tolakDwifungsiTNI #IndonesiaGelap https://t.co/enhNd0Of9t,1902578886816514472,https://pbs.twimg.com/media/GmdRah-a8AI9m3M.jpg,,in,""He, Ashriel Lorraine. MDNI."",31,104,4910,https://x.com/Intrepidce/status/1902578886816514472,3165660385,Intrepidce";;
"1903085224264708449,Fri Mar 21 14:04:09 +0000 2025,80,#ArtistBersuara Bayar polisi Tolol #IndonesiaGelap https://t.co/HOseViMtHU,1903085224264708449,https://pbs.twimg.com/ext_tw_video_thumb/1902688484504322048/pu/img/2OI2e_fTD9PJL6P2.jpg,,in,""Kemayoran, Indonesia"",1,11,34,https://x.com/bhar13f/status/1903085224264708449,1350795551617368066,bhar13f";;
1903025745921970255,Fri Mar 21 10:07:48 +0000 2025,720,temen tolong jangan tone deaf negara kita lg ga baik aja. ini juga bakal ngerugiin kita sbg kaum perempuan. #TolakRUUTNI #TolakRevisiUUTNI #PeringatanDarurat #IndonesiaGelap #TolakDwifungsiABRI #TolakRUUPolri #TolakRUUKejaksaan https://t.co/RmON2sthlp,1903025745921970255,https://pbs.twimg.com/media/Gmjn050aMAAiRhT.jpg,,in,fairytale,13,217,694,https://x.com/deeewtee/status/1903025745921970255,1606486141611360256,deeewtee;;
1902628872258269479,Thu Mar 20 07:50:46 +0000 2025,2400,Kaledoskop pembunuhan oleh aparat 15 tahun terakhir dan masih banyak korban lainnya. Jangan tunggu sampai giliran keluarga kalian yang jadi korban. Semakin lama mereka berkuasa semakin banyak kasus serupa terulang! Bisa jadi kalian selanjutnya #LawanOrdeGELAP #IndonesiaGelap https://t.co/yV519Mwqbz,1902628872258269479,https://pbs.twimg.com/amplify_video_thumb/1902628774749073408/img/AeXtqhZTNYTB0NNP.jpg,,in,,11,3,874,https://x.com/hanggapry/status/1902628872258269479,1578082844110336000,hanggapry;;
1903022572935188542,Fri Mar 21 09:55:12 +0000 2025,12993,Nct! JANGAN LENGAH GUYS!! TURUT BERDUKA CITA ATAS MATINYA REFORMASI! # TolakRUUTNI # TolakRevisiUUTNI # PeringatanDarurat # IndonesiaGelap # TolakDwifungsiABRI # TolakRUUPolri # TolakRUUKejaksaan https://t.co/klJGBlO6ys,1903022572935188542,https://pbs.twimg.com/media/Gmjk8ebaEAgXR0S.jpg,,in,Tutor send MF:,63,2750,6707,https://x.com/nct_menfess/status/1903022572935188542,1275010241017462784,nct_menfess;;
"1902736818875064593,Thu Mar 20 14:59:43 +0000 2025,1392,Hai Para Para Para dan Para Wakil Rakyat yg ada di Gedung @DPR_RI Lihatlah rakyat yg katanya kalian wakilin.... Mereka byk yg jadi korban pemukulan pihak aparat #IndonesiaGelap #PeringatanDarurat https://t.co/LfeAiOPy3v,1902736818875064593,https://pbs.twimg.com/ext_tw_video_thumb/1902736722674532353/pu/img/B7u4rYxJbmiHUcH1.jpg,,in,""Sukoharjo, Indonesia"",39,96,759,https://x.com/LexMarteg/status/1902736818875064593,335212065,LexMarteg";;
1903235640847896962,Sat Mar 22 00:01:51 +0000 2025,709,Demi Allah gak bisa tidur gara-gara ini dan akhirnya jawaban itu kutemukan. Tanggung jawab keparat!!! Motor gw dengan plat D 2507 UBB yang terparkir di depan DPRD: DIRUSAK OLEH OKNUM!!! #TolakRUUTNI #CabutUUTNI #PeringatanDarurat #IndonesiaGelap #WargaBantuWarga #Bandung https://t.co/qMJbhXvXfM,1903235640847896962,https://pbs.twimg.com/media/GmmmuTkacAAUnCE.jpg,,in,Indonesia,12,32,451,https://x.com/rfdsdq/status/1903235640847896962,1307890989453852673,rfdsdq;;
1903321617049993469,Sat Mar 22 05:43:30 +0000 2025,21,mereka bukan teman kita #ArtistBersuara #TolakRUUTNI #TolakRUUPolri #IndonesiaGelap #TolakDwifungsiABRI https://t.co/0768y2RA5t,1903321617049993469,https://pbs.twimg.com/media/Gmn06eWasAAmNvk.jpg,,in,,0,1,7,https://x.com/paspartmclovin/status/1903321617049993469,1404072057424334851,paspartmclovin;;
1902614979913957684,Thu Mar 20 06:55:34 +0000 2025,6237,ùòøùôäùôéùòº ùôîùòºùôâùôÇ ùôèùôÑùòøùòºùôÜ ùôãùòºùôâùôèùòºùôé ùôÜùòºùôàùôê ùôáùôÑùôÉùòºùôè #TolakRevisiUUTNI #TolakRUUTNI #PeringatanDarurat #IndonesiaGelap https://t.co/bOCzNZGW4Z,1902614979913957684,https://pbs.twimg.com/media/GmdyPGYbQAA85Bk.jpg,,in,03 üáÆüá©,19,490,3451,https://x.com/metanaries/status/1902614979913957684,1075360031233662977,metanaries;;
1902972585526141098,Fri Mar 21 06:36:34 +0000 2025,9342,Tolong banget temen¬≤ mungkin belum skrng dampak nya tapi akan ada dikemudian hari berdampak kepada diri sendirii. jangan buta mata Help rt #TolakRUUTNI #TolakRevisiUUTNI #PeringatanDarurat #IndonesiaGelap #TolakDwifungsiABRI #TolakRUUPolri #TolakRUUKejaksaan https://t.co/dSP8GgdJHr,1902972585526141098,https://pbs.twimg.com/media/Gmi3ejwbMAA_Q7Q.jpg,,in,wait for your love,107,2035,8986,https://x.com/nnncloudy/status/1902972585526141098,1633072218484924416,nnncloudy;;
1902699035409965107,Thu Mar 20 12:29:35 +0000 2025,4043,ayo terus kita suarakan. jgn sampe nih elu gue kita semua yg demen kpop jd kaga bisa ngonser lg karna bakal disortir takut dianggap mempertipis rasa nasionalisme. idol jg gak mau kali dtg ke negara berkonflik. #TolakRUUTNI #TolakRevisiUUTNI #PeringatanDarurat #IndonesiaGelap https://t.co/jq54W82UHe,1902699035409965107,https://pbs.twimg.com/media/Gme-rsCbQAASP8s.jpg,,in,hibernasi üêª‚Äç‚ùÑÔ∏è,27,677,2742,https://x.com/alinealienee/status/1902699035409965107,1891063568365420544,alinealienee;;
1902912625253687465,Fri Mar 21 02:38:18 +0000 2025,6970,suka BL juga kan ya? sayangnya kita juga ada potensi terdampak. liat deh yg ku highlight makanyaa mau thaienthu kpopers wibu atau fans manapunnn ayooo kita suarainn #TolakRUUTNI #TolakRevisiUUTNI #PeringatanDarurat #IndonesiaGelap #TolakDwifungsiABRI https://t.co/5HatFGm1hR,1902912625253687465,https://pbs.twimg.com/media/GmiA8q1aEAIFRxO.jpg,,in,,381,834,3794,https://x.com/avosunflo/status/1902912625253687465,1382817571179663361,avosunflo;;
"1902701307456114748,Thu Mar 20 12:38:36 +0000 2025,11148,Walau sudah di SAH kan jangan berhenti pantang menyerah yuk terus bersuara! #TolakRUUTNI #TolakRevisiUUTNI #PeringatanDarurat #IndonesiaGelap #TolakDwifungsiABRI https://t.co/eU2CXMiYnm,1902701307456114748,https://pbs.twimg.com/media/GmfAwI-bsAAvKXk.jpg,,in,""Seoul, Korea Selatan"",81,1689,9064,https://x.com/rahmdess27/status/1902701307456114748,442477264,rahmdess27";;
1902701917266223527,Thu Mar 20 12:41:02 +0000 2025,1260,sila ke 5 Pancasila: Keadilan sosial bagi seluruh rakyat Indonesia DIMANA LETAK KEADILAN NYA?! JANGAN KAN TENTANG KEADILAN SUARA RAKYAT SAJA TIDAK PERNAH DI DENGAR LAGI!!! #TolakRUUTNI #PeringatanDarurat #IndonesiaGelap #TolakDwifungsiABRI https://t.co/4JJxEJujZj,1902701917266223527,https://pbs.twimg.com/media/GmfBTfMbAAEYhal.jpg,,in,Î∞©ÌÉÑÏÜåÎÖÑÎã®,14,376,1104,https://x.com/happywithV2/status/1902701917266223527,1664584465329582080,happywithV2;;
1903098518706983357,Fri Mar 21 14:56:59 +0000 2025,1257,#GagalkanRUUTNI #CabutRUUTNI #PeringatanDarurat #IndonesiaGelap #TolakRUUTNI #TolakRevisiUUTNI #PeringatanDarurat #IndonesiaGelap #TolakDwifungsiABRI #SupremasiSipil AYO GUYS NAIKIN HT NYA KITA BERSUARA LEWAT SOSMED KALAU GA BISA IKUT DEMO PEMERINTAH BIADAP KNTL BINATANG https://t.co/u6a2LKhkm3,1903098518706983357,https://pbs.twimg.com/media/GmkqAHrbUAAUSvY.jpg,,in,,16,488,966,https://x.com/xlyz23/status/1903098518706983357,1526844449875460096,xlyz23;;
"1902565309812498779,Thu Mar 20 04:05:51 +0000 2025,13323,Selamat datang di orde baru paling baru. #IndonesiaGelap #TolakRUUTNI https://t.co/2uelV5PB6h,1902572268200624252,https://pbs.twimg.com/ext_tw_video_thumb/1902572117344055298/pu/img/KRJeSAt4LRBAL8CD.jpg,PBHI_Nasional,in,""Jakarta Pusat, DKI Jakarta"",1588,276,3489,https://x.com/PBHI_Nasional/status/1902572268200624252,1218079553999867904,PBHI_Nasional";;
1902721743158128910,Thu Mar 20 13:59:49 +0000 2025,1736,semoga tuhan lindungi kita semua #TolakRUUTNI #TolakRevisiUUTNI #PeringatanDarurat #IndonesiaGelap #TolakDwifungsiABRI https://t.co/NBgvjSnA7A,1902721743158128910,https://pbs.twimg.com/media/GmfTVBya8AAd4Gm.jpg,,in,üê∫,5,392,1126,https://x.com/chanieecaa/status/1902721743158128910,1377534085006983168,chanieecaa;;
1903050048922915246,Fri Mar 21 11:44:23 +0000 2025,1076, KEADILAN SOSIAL BAGI SELURUH RAKYAT INDONESIA #TolakRUUTNI #TolakRevisiUUTNI #PeringatanDarurat #IndonesiaGelap #TolakDwifungsiABRI #TolakRUUPolri #TolakRUUKejaksaan https://t.co/y3YnXkkiBu,1903050048922915246,https://pbs.twimg.com/media/Gmj97wCaEAAOjbU.jpg,,in,,34,454,917,https://x.com/_pangpond01/status/1903050048922915246,3141460291,_pangpond01;;
1902596349276885025,Thu Mar 20 05:41:32 +0000 2025,4051,guys kalo misalnya kenyamanan fangirl sementara terusik mohon di mengerti dulu ya karena negara lagi kacau kalo negara terus terusan gini kita gatau sampe kapan bisa nge hype idol kita dengan tenang lagi #TolakRUUTNI #TolakRevisiUUTNI #PeringatanDarurat #IndonesiaGelap https://t.co/8EVLUMLWbI,1902596349276885025,https://pbs.twimg.com/media/GmdhS-ba8AQwRgz.jpg,,in,,31,1136,3360,https://x.com/95taenis/status/1902596349276885025,1259343817590935555,95taenis;;
1903285073002238459,Sat Mar 22 03:18:17 +0000 2025,419,Yaallah jauhkan lah kami dari orang2 yg dzolim #TolakRUUTNI #TolakRevisiUUTNI #PeringatanDarurat #IndonesiaGelap #TolakDwifungsiABRI #MECIMA_NOT_PROfessional #MECIMA_NOT_PROfessional #MECIMA_NOT_PROfessional #MECIMA_NOT_PROfessional https://t.co/FFBbcjE1gh,1903285073002238459,https://pbs.twimg.com/media/GmnTruxaEAIw542.jpg,,in,Maung'98,8,6,569,https://x.com/frompapay/status/1903285073002238459,204256340,frompapay;;
1903079596767285505,Fri Mar 21 13:41:48 +0000 2025,1203,Hak kami terbakar habis oleh para penguasa bengis. #TolakRUUTNI #TolakRevisiUUTNI #PeringatanDarurat #IndonesiaGelap #TolakDwifungsiABRI #TolakRUUPolri https://t.co/24LcppobW2,1903079596767285505,https://pbs.twimg.com/media/GmkYy9OaEAY-mbW.jpg,,in,mailbox :,7,266,971,https://x.com/wrotefaith/status/1903079596767285505,2292343015,wrotefaith;;
1902554059497992647,Thu Mar 20 02:53:30 +0000 2025,641,RT!!! Semua yang turun ke jalan jangan lupa dokumentasiin semua KEKERASAN APARAT DI AKSI #TolakRUUTNI ya! Ini dapat dari kontras_update. Kita dokumentasiin semuanya biar dunia lihat brutalitas aparat. #TolakUUTNI #TolakDwifungsiABRI #IndonesiaGelap #IndonesiaGelapJilid2 https://t.co/oD3dAioMQF,1902554059497992647,https://pbs.twimg.com/media/Gmc6wqva8AI6Fu5.jpg,,in,Surinala‚Äôs | any pronouns,22,7,692,https://x.com/holografis/status/1902554059497992647,2930498306,holografis;;
1903088992599544016,Fri Mar 21 14:19:08 +0000 2025,7397,Ayo bersama kita ramaikan dengan hashtag! Suara rakyat adalah kekuatan rakyat! Dan Tunjukan Sikap Kita Semua #PeringatanDarurat #TolakRevisiUUTNI #AliansiAutobaseIndonesia #TolakUUTNI #TolakDwiFungsiABRI #IndonesiaGelap #CabutUUTNI https://t.co/NDSMpPfCBD,1903088992599544016,https://pbs.twimg.com/media/GmkgqPMaEAEu1bA.jpg,,in,,76,1909,5220,https://x.com/convomf/status/1903088992599544016,1314975287294083073,convomf;;
1902867521889505738,Thu Mar 20 23:39:05 +0000 2025,3306,Jadi rakyat mana yang anda wakilkan? #ArtistBersuara #TolakRUUTNI #TolakRevisiUUTNI #PeringatanDarurat #IndonesiaGelap #TolakDwifungsiABRI https://t.co/GFT2gMXV1q,1902867521889505738,https://pbs.twimg.com/media/GmhX63za8AAO66h.jpg,,in,,28,411,2466,https://x.com/twinkleblush/status/1902867521889505738,1722056669105180672,twinkleblush;;
1903029137499095196,Fri Mar 21 10:21:17 +0000 2025,750,kita rakyat punya hak bersuara please don't ignore it ‚ÄºÔ∏è #TolakRUUTNI #TolakRevisiUUTNI #PeringatanDarurat #IndonesiaGelap #TolakDwifungsiABRI #TolakRUUPolri #tolakruukejaksaan https://t.co/t5CdvvCJ6R,1903029137499095196,https://pbs.twimg.com/media/Gmjq6ikaQAAe8Fr.jpg,,in,homophobicdni.,9,323,687,https://x.com/chenataluv/status/1903029137499095196,1410986769328136199,chenataluv;;
1902580486171455643,Thu Mar 20 04:38:30 +0000 2025,10473,Yang sudah atau yang sedang baca Laut Bercerita bakal nangis se nangis nangisnya. #TolakRevisiUUTNI #IndonesiaGelap #Reformasi https://t.co/0rFryzYuno,1902580486171455643,https://pbs.twimg.com/media/GmdS3m_a8AAhZNs.jpg,,in,,157,139,3622,https://x.com/Slfiannda/status/1902580486171455643,1290926337717235712,Slfiannda;;
1902609400977830020,Thu Mar 20 06:33:24 +0000 2025,7908,Kami warga Indonesia menolak adanya Revisi UU TNI. Mari suarakan #TolakRevisiUUTNI karena negara ini sedang tidak baik-baik saja Dimulai dari kita dan kalian sebarkan hingga suara kita terdengar #TolakRUUTNI #PeringatanDarurat #IndonesiaGelap #TolakDwifungsiABRI https://t.co/Mw4aP3vEAy,1902609400977830020,https://pbs.twimg.com/media/GmdtKvEa8AIB5IW.jpg,,in,indonesiancarats17@gmail.com,104,1453,7490,https://x.com/17CARATS_INA/status/1902609400977830020,4049111952,17CARATS_INA;;
1902977891799011430,Fri Mar 21 06:57:39 +0000 2025,23707,gausah takut akun twt lo yg aesthetic itu rusak cuma karna naikin ht biar negara lu yg garusak tetep naikin ht sampe akun lu kekunci kan udah biasa #TolakRUUTNI #TolakRevisiUUTNI #PeringatanDarurat #IndonesiaGelap #TolakDwifungsiABRI #TolakRUUPolri #TolakRUUKejaksaan,1902977891799011430,,,in,homophobicdni.,181,3547,16224,https://x.com/chenataluv/status/1902977891799011430,1410986769328136199,chenataluv;;
1902956297672352012,Fri Mar 21 05:31:51 +0000 2025,2466,jangan menunggu cahaya. buat cahaya itu sendiri REBUT KEMBALI REFORMASI! #ArtistBersuara #TolakRUUTNI #TolakRevisiUUTNI #IndonesiaGelap https://t.co/plGuZm4rem,1902956297672352012,https://pbs.twimg.com/media/GmioqRsagAAv9t3.jpg,,in,,6,203,1530,https://x.com/kucalypse/status/1902956297672352012,1380889382060650499,kucalypse;;
1903129838917243210,Fri Mar 21 17:01:26 +0000 2025,13678,mengingat sosok mahasiswa pemberani yang rela membakar dirinya Di depan istana merdeka #TolakDwifungsiABRI #IndonesiaMakinGelap #IndonesiaGelap athread https://t.co/kL3pMtVrMz,1903129838917243210,https://pbs.twimg.com/media/GmlGf9YaEAEdmHF.jpg,,in,,55,70,1950,https://x.com/cihosen/status/1903129838917243210,3268642038,cihosen;;
1902910914938147095,Fri Mar 21 02:31:31 +0000 2025,3237,temen temen minta tolong banget untuk bantu dan terus menyuarakan masalah ini ya. Indonesia bener bener lagi gak kondusif banget sumpah kacau gak teratur gini #TolakRUUTNI #TolakRevisiUUTNI #PeringatanDarurat #IndonesiaGelap #TolakDwifungsiABRI https://t.co/dD3Sw7hIrq,1902910914938147095,https://pbs.twimg.com/media/Gmh_YDBaEAEEe-k.jpg,,in,üêæ  ‡∏õ‡∏≠‡∏ô‡∏î‡πå‡∏†‡∏π‡∏ß‡∏¥‡∏ô‡∏ó‡∏£‡πå  & ‡πÄ‡∏à‡∏°‡∏µ‡πÑ‡∏ô‡∏ô‡πå‡πÇ,37,1220,2933,https://x.com/miausle/status/1902910914938147095,1515215684564705281,miausle;;
"1902682184022171852,Thu Mar 20 11:22:37 +0000 2025,999,lagi-lagi aksi di semarang aparatnya main culik2 an. sok keras najis seinstansi isinya orang-orang kayak gini semua. #TolakRevisiUUTNI #TolakRUUTNI #TolakDwifungsiABRI #IndonesiaGelap #PeringatanDarurat https://t.co/drGU9J59O1,1902682184022171852,https://pbs.twimg.com/ext_tw_video_thumb/1902681979931508736/pu/img/mCMYvn0x5xo81HUA.jpg,,in,""Kota Semarang, Jawa Tengah"",21,26,281,https://x.com/viilaaaaa/status/1902682184022171852,1092332824462426115,viilaaaaa";;
1903031007210885608,Fri Mar 21 10:28:43 +0000 2025,420,TEMEN TEMEN AYO GUNAIN HAK SUARA KALIAN! kawal dan lebih berisik lagi soal ini #TolakRUUTNI #TolakRevisiUUTNI #PeringatanDarurat #IndonesiaGelap #TolakDwifungsiABRI #TolakRUUPolri #TolakRUUKejaksaan https://t.co/AxeCyBkADl,1903031007210885608,https://pbs.twimg.com/media/GmjsnZna8AATNQu.jpg,,in,üêæ  ‡∏õ‡∏≠‡∏ô‡∏î‡πå‡∏†‡∏π‡∏ß‡∏¥‡∏ô‡∏ó‡∏£‡πå  & ‡πÄ‡∏à‡∏°‡∏µ‡πÑ‡∏ô‡∏ô‡πå‡πÇ,7,256,417,https://x.com/miausle/status/1903031007210885608,1515215684564705281,miausle;;
1902744217224413364,Thu Mar 20 15:29:07 +0000 2025,1429,jika kebanyakan orang Indonesia punya halaman wikipedia. #IndonesiaGelap https://t.co/kIgwelk4Rb,1902744217224413364,https://pbs.twimg.com/media/Gmfnx0IawAAoeQE.jpg,,in,Malam Temaram,5,5,448,https://x.com/alpokatmentega/status/1902744217224413364,1260154879634337795,alpokatmentega;;
1902979778962989559,Fri Mar 21 07:05:09 +0000 2025,2862,ftd! Thaienthu tolong jangan diem aja! semua keputusan pemerintah akan sangat berpengaruh sama agenda fangirling kita kedepannya please #.TolakRUUTNI #.TolakRevisiUUTNI #.PeringatanDarurat #.IndonesiaGelap #.TolakDwifungsiABRI #.TolakRUUPolri #.TolakRUUKejaksaan https://t.co/wpRgdEWu3d,1902979778962989559,https://pbs.twimg.com/media/Gmi-BhBXQAA02Pn.jpg,,in,,56,1078,1833,https://x.com/fessthaii/status/1902979778962989559,1393735951239684100,fessthaii;;
1903078019805351959,Fri Mar 21 13:35:32 +0000 2025,123,Soekarno: Padahal angkatan perang tidak boleh ikut-ikut politik #TolakRUUTNI #CabutRUUTNI #CabutUUTNI #IndonesiaGelap #IndonesiaMakinGelap https://t.co/jDjwvUhUOc,1903078019805351959,https://pbs.twimg.com/amplify_video_thumb/1903077946782519302/img/UTEVXNspf05dM_EO.jpg,,in,Î∞©ÌÉÑÏÜåÎÖÑÎã®,0,34,120,https://x.com/happywithV2/status/1903078019805351959,1664584465329582080,happywithV2;;
"1902566056084095213,Thu Mar 20 03:41:10 +0000 2025,58305,TETAP UGAL-UGALAN DISAHKAN KAWAN DENGAN PERSETUJUAN SEMUA FRAKSI #IndonesiaGelap https://t.co/6OtPIESz7r,1902566056084095213,https://pbs.twimg.com/media/GmdFvcCa8AIc6oN.jpg,,in,""Jakarta Pusat, DKI Jakarta"",5421,1554,15472,https://x.com/PBHI_Nasional/status/1902566056084095213,1218079553999867904,PBHI_Nasional";;
1902600014754673036,Thu Mar 20 05:56:06 +0000 2025,51585,#GagalkanRUUTNI #CabutRUUTNI #IndonesiaGelap #TolakRUUTNI #TolakRevisiUUTNI KEMBALIKAN TNI KE BARAK! NEGARA PUNYA RAKYAT! https://t.co/fLQsp0u9hv,1902600014754673036,https://pbs.twimg.com/media/GmdkoT8aEAAGQQW.jpg,,in,no war ‚Ä¢ no shipper and solos!,177,1074,31046,https://x.com/guemaungeluh/status/1902600014754673036,1331207771518242823,guemaungeluh;;
1902699204205838468,Thu Mar 20 12:30:15 +0000 2025,3315,Terpantau ada banyak mahasiswa yang kakinya patah dan beberapa luka-luka. INI UDAH GILA ANJING. LU STOP ANJING PAKE SENJATA LU ITU TAI. #ACAB #TolakRevisiUUTNI #TolakDwifungsiABRI #IndonesiaGelap https://t.co/je9jm4yoSb,1902699204205838468,https://pbs.twimg.com/media/Gme-1oXbMAAR4JL.jpg,,in,Aa Ojak Ginanjar,49,100,1323,https://x.com/blitzosucker/status/1902699204205838468,536353554,blitzosucker;;
1903030225098903983,Fri Mar 21 10:25:36 +0000 2025,3058,gausah takut akun twt lu yg aesthetic itu rusak cuma karna naikin ht negara. negara ini udah kacau coi dan lu masi mentingin ke aesthetic an akun lu?? #TolakRUUTNI #TolakRevisiUUTNI #PeringatanDarurat #IndonesiaGelap #TolakDwifungsiABRI #TolakRUUPolri #TolakRUUKejaksaan,1903030225098903983,,,in,,38,1214,2608,https://x.com/tee_lvre/status/1903030225098903983,1810351082222268425,tee_lvre;;
1902611519738913271,Thu Mar 20 06:41:49 +0000 2025,3082,*not j-hope &amp;" BTS related Kami sebagai warga negara Indonesia DENGAN TEGAS menolak Revisi Undang-Undang Tentara Nasional Indonesia (RUU TNI)! #TolakRUUTNI #TolakRevisiUUTNI #PeringatanDarurat #IndonesiaGelap #TolakDwifungsiABRI https://t.co/rEO64fDOMq,1902611519738913271,https://pbs.twimg.com/media/GmdvFsPaoAA8003.jpg,,in,""Gwangju, Republic of Korea"",24,655,3070,https://x.com/Jhope_Indonesia/status/1902611519738913271,1218150274734231554,Jhope_Indonesia";
1902627235179458894,Thu Mar 20 07:44:16 +0000 2025,42466,Elemen mahasiswa sudah bergabung ke depan DPR! #TolakRevisiUUTNI #IndonesiaGelap https://t.co/bs7BZtkjt1,1902627235179458894,https://pbs.twimg.com/media/Gmd9XXBbYAA9WIF.jpg,,in,Indonesia,299,384,17409,https://x.com/barengwarga/status/1902627235179458894,1850558971779956736,barengwarga;;
1902717585051029620,Thu Mar 20 13:43:17 +0000 2025,5867,FTP. #ACAB #IndonesiaGelap https://t.co/XJwQgzoUS4,1902717585051029620,https://pbs.twimg.com/media/GmfPj0BaYAAPr4O.jpg,,und,,1,2,3073,https://x.com/studiosaigons/status/1902717585051029620,2290985737,studiosaigons;;
1902751080292995355,Thu Mar 20 15:56:23 +0000 2025,6712,ayo terus berisik Pukul mundur TNI ke barak! #TolakRUUTNI #TolakRevisiUUTNI #PeringatanDarurat #IndonesiaGelap #TolakDwifungsiABRI https://t.co/xFPPXxaXrf,1902751080292995355,https://pbs.twimg.com/media/Gmft_4sacAEe0L6.jpg,,in,Leehan's empang,40,1003,5021,https://x.com/txtdaribonedo/status/1902751080292995355,1694709898305757184,txtdaribonedo;;
1902594557507989914,Thu Mar 20 05:34:25 +0000 2025,15490,AYOO KITA NAIKIN HT INI GUYS‚ÄºÔ∏è #GagalkanRUUTNI #CabutRUUTNI #PeringatanDarurat #IndonesiaGelap https://t.co/NQpAovQmyC,1902594557507989914,https://pbs.twimg.com/media/GmdfqNIa8AEBb9x.jpg,,in,Î∞©ÌÉÑÏÜåÎÖÑÎã®,126,2014,11007,https://x.com/happywithV2/status/1902594557507989914,1664584465329582080,happywithV2;;
1902616462159933888,Thu Mar 20 07:01:28 +0000 2025,22887,To my non Indonesian moots maybe u can read this one and share it to others. We Indonesian need more exposure to international so they will know what happened in Indonesia these days #TolakRUUTNI #TolakRevisiUUTNI #PeringatanDarurat #IndonesiaGelap #TolakDwifungsiABRI https://t.co/Y2wHpREIW8,1902616462159933888,https://pbs.twimg.com/media/GmdzloRa8AIXaJn.jpg,,en,üáÆüá©,279,1237,18742,https://x.com/ksooyuyujellee/status/1902616462159933888,3218766038,ksooyuyujellee;;
1901650005729116304,Mon Mar 17 15:01:06 +0000 2025,3187,#IndonesiaGelap #TolakRUUTNI https://t.co/T7CZU4HXSM,1901650005729116304,https://pbs.twimg.com/media/GmQEd_bbcAAnxqS.png,,qme,Under your bed,17,24,1578,https://x.com/Potelot_mabur/status/1901650005729116304,1131979578656710657,Potelot_mabur;;
1902488694910837039,Wed Mar 19 22:33:46 +0000 2025,27086,Rame banget gak sabar ambil jabatan sipil ya? #TolakRUUTNI #TolakRevisiUUTNI #IndonesiaGelap #TolakDwifungsiABRI https://t.co/QwvYWlm9Bt,1902488694910837039,https://pbs.twimg.com/amplify_video_thumb/1902488622441639936/img/D5qGCq0XVeJ-Zy45.jpg,,in,She/Her,185,210,9597,https://x.com/nakaharadz/status/1902488694910837039,1555329492662398976,nakaharadz;;
1903214259926143211,Fri Mar 21 22:36:54 +0000 2025,14,selamat pagi temang-temang jangan lupa up terus ht nya ya guys #GagalkanRUUTNI #CabutRUUTNI #PeringatanDarurat #IndonesiaGelap #TolakRUUTNI #TolakRevisiUUTNI #TolakDwifungsiABRI #SupremasiSipil #TolakRUUPolri #Tolakruukejaksaan https://t.co/QmSm87MnMG,1903214259926143211,https://pbs.twimg.com/media/GmmTSKWaEAAb1Bd.jpg,,in,,0,41,11,https://x.com/kejamalun/status/1903214259926143211,1380201840097124353,kejamalun;;
1902721900712988724,Thu Mar 20 14:00:26 +0000 2025,6508,ikut naikin ht ges yuk! #TolakRUUTNI #IndonesiaGelap https://t.co/DtrnHkLgAB,1902721900712988724,https://pbs.twimg.com/media/GmfTdyxaMAA1lzT.jpg,,in,Leehan's empang,52,970,4260,https://x.com/txtdaribonedo/status/1902721900712988724,1694709898305757184,txtdaribonedo;;
1902576841535443398,Thu Mar 20 04:24:01 +0000 2025,21781,Kepada Bapak-Ibu DPR RI. Jika hari ini sudah mengesahkan RUU TNI dan bersikukuh tidak ada dwifungsi . Demi keselamatan kami sebagai rakyat boleh dong kami meminta negara ini turut meratifikasi STATUTA ROMA? #TolakRUUTNI #TolakRevisiUUTNI #IndonesiaGelap #PeringatanDarurat https://t.co/9ljkKFJRfh,1902576841535443398,https://pbs.twimg.com/media/GmdPizUa8AMMrpp.jpg,,in,Indonesia,139,393,12162,https://x.com/nindyannisaas/status/1902576841535443398,1149834320548253696,nindyannisaas;;
1902626034270498880,Thu Mar 20 07:39:30 +0000 2025,5344, ÏÇ¨ÌïÑÍ∑ÄÏ†ï [Sa-phil-gwi-jeong] Justice will prevail Keadilan akan menang Tolak RUU TNI #TolakRUUTNI #TolakRevisiUUTNI #PeringatanDarurat #IndonesiaGelap #TolakDwifungsiABRI https://t.co/h2UXTsJwJ5,1902626034270498880,https://pbs.twimg.com/media/Gmd8SxQa8AIvxzs.jpg,,in,üáÆüá©,26,593,3517,https://x.com/atinytwinz/status/1902626034270498880,1576698717641805826,atinytwinz;;
1902968254584459687,Fri Mar 21 06:19:21 +0000 2025,892,BACA ANJIR BACAA TRUS APA GUNANYA PANCASILA BANGSATTT??? #TolakRUUTNI #TolakRevisiUUTNI #PeringatanDarurat #IndonesiaGelap #TolakDwifungsiABRI #TolakRUUPolri #TolakRUUKejaksaan https://t.co/Fm7iJYlykB,1902968254584459687,https://pbs.twimg.com/media/GmizitnaEAEJ4Cj.jpg,,in,love phuwin's alot üíå,20,245,732,https://x.com/winnythanaa/status/1902968254584459687,1536926524850700288,winnythanaa;;
1903199816022450201,Fri Mar 21 21:39:30 +0000 2025,1929,Nct! CALLING ALL INTERNATIONAL MEDIA/JOURNALIST‚ÄºÔ∏è TURUT BERDUKA CITA ATAS MATINYA REFORMASI! # TolakRUUTNI # TolakRevisiUUTNI # PeringatanDarurat # IndonesiaGelap # TolakDwifungsiABRI # TolakRUUPolri # TolakRUUKejaksaan https://t.co/SbXrI0eEkR,1903199816022450201,https://pbs.twimg.com/media/GmmGJZWaEAEfiqz.jpg,,in,Tutor send MF:,13,1336,1141,https://x.com/nct_menfess/status/1903199816022450201,1275010241017462784,nct_menfess;;
1902661626630967625,Thu Mar 20 10:00:56 +0000 2025,7154,Nct! TO MY FELLOW NON-INDONESIAN NCTZEN! THIS IS WHAT IS CURRENTLY HAPPEN IN OUR COUNTRY! Lawan sampai menang! # TolakRUUTNI # TolakRevisiUUTNI # PeringatanDarurat # IndonesiaGelap # TolakDwifungsiABRI https://t.co/MSkPlphpcj,1902661626630967625,https://pbs.twimg.com/media/GmecqetacAAJ9Mg.jpg,,in,Tutor send MF:,54,1737,4205,https://x.com/nct_menfess/status/1902661626630967625,1275010241017462784,nct_menfess;;
1903334056948892121,Sat Mar 22 06:32:56 +0000 2025,9,jadi sange gw baca nya #PeringatanDarurat #IndonesiaGelap #IndonesiaMakinGelap #IndonesiaGelapJilid2 #TolakRUUTNI #TolakRevisiUUTNI #TolakDwifungsiABRI #TolakRUUPolri #TolakRUUKejaksaan #KembalikanTNIkeBarak #SupremasiSipil #GagalkanRUUTNI #CabutRUUTNI https://t.co/FgcAAo8Ra0,1903334056948892121,https://pbs.twimg.com/media/GmoAPMuaEAEtzzh.jpg,,in,,1,38,7,https://x.com/wonyusmall/status/1903334056948892121,1761688415568023552,wonyusmall;;
"1902693987066261592,Thu Mar 20 12:09:31 +0000 2025,2545,Di Jakarta sedang panas UU TNI Di Batang ada yang pidato begini. Dianggep menurunkan semangat dianggep anjing menggonggong.. Harap komen yang sopan. #IndonesiaGelap #TolakRUUTNI https://t.co/E4ZTabJHGN,1902693987066261592,https://pbs.twimg.com/ext_tw_video_thumb/1902693938764689408/pu/img/-cyapKq31fublYa8.jpg,,in,""Dalem Kabagongan, Krg Kedempel"",289,623,989,https://x.com/RagilSemar/status/1902693987066261592,1334070788060631040,RagilSemar";;
1903110843447058439,Fri Mar 21 15:45:57 +0000 2025,162,Teror Gaya Orba Mulai Diterapkan? #IndonesiaGelap Kepala Manusia Kepala Babi https://t.co/AJIZmOIJOJ,1903110843447058439,https://pbs.twimg.com/media/Gmk0-xDaIAAlcVo.jpg,,in,,3,8,86,https://x.com/MurtadhaOne1/status/1903110843447058439,1178950184601935873,MurtadhaOne1;;
1903108630246728118,Fri Mar 21 15:37:10 +0000 2025,1516,AYOK SEMUA TETAP SEMANGAT YOKK!! #GagalkanRUUTNI #CabutRUUTNI #PeringatanDarurat #IndonesiaGelap #TolakRUUTNI #TolakRevisiUUTNI #PeringatanDarurat #IndonesiaGelap #TolakDwifungsiABRI #SupremasiSipil https://t.co/NfmxT5EkHr,1903108630246728118,https://pbs.twimg.com/media/GmkzNo5agAAK6Yu.jpg,,in,fan acc // Indonesia,14,585,1286,https://x.com/vanescent21/status/1903108630246728118,1591428767561682944,vanescent21;;
1903006343080055118,Fri Mar 21 08:50:42 +0000 2025,1129,RUU TNI maunya Jokowi bukan Prabowo. Mulai ribut mereka. Pdhl semua juga tau Prabowo usung keberlanjutan maunya Jokowi ya maunya Prabowo juga. Prabowo cuma boneka Jokowi fakta. #IndonesiaGelap #PeringatanDarurat https://t.co/rHwiTk3ECg,1903006343080055118,https://pbs.twimg.com/ext_tw_video_thumb/1903006284435296257/pu/img/B1KrxjkxJD04WlHS.jpg,,in,Indonesia,21,91,358,https://x.com/Anak__Ogi/status/1903006343080055118,1356517931887120384,Anak__Ogi;;
1903311205466321071,Sat Mar 22 05:02:07 +0000 2025,37,Tuh kan? Berurusan sama MakEmak militan kau kan?! Anak sekolah pun kau uber - uber jugak #IndonesiaGelap https://t.co/pKUHPPIei3,1903311205466321071,https://pbs.twimg.com/ext_tw_video_thumb/1903311142648467456/pu/img/NK0H_seoaW8QSnmS.jpg,,in,indonesia,3,6,22,https://x.com/bagindo_kopi/status/1903311205466321071,1091031753924403200,bagindo_kopi;;
1903265505693274447,Sat Mar 22 02:00:32 +0000 2025,13,#GagalkanRUUTNI #CabutRUUTNI #PeringatanDarurat #IndonesiaGelap #TolakRUUTNI #TolakRevisiUUTNI #PeringatanDarurat #IndonesiaGelap #TolakDwifungsiABRI #SupremasiSipil https://t.co/wkGApGCwsF,1903265505693274447,https://pbs.twimg.com/media/GmnB5BYaIAACKp2.jpg,,qme,‚ó†‚Äø‚ó†,0,60,22,https://x.com/shualovely/status/1903265505693274447,1840716166995779584,shualovely;;
1902749609837085055,Thu Mar 20 15:50:33 +0000 2025,2513,ARTIST JANGAN BIARKAN SIAPAPUN MEMBUNGKAM KITA! Mulut kitaa tak hanya untuk MAKAN tetapi BERSUARA! Tuhan lindungilah semuaa yang telah turun untuk memperjuangkan hak-nya. #TolakRUUTNI #TolakRevisiUUTNI #PeringatanDarurat #IndonesiaGelap #TolakDwifungsiABRI #ArtistBersuara https://t.co/yOF3RRcKDZ,1902749609837085055,https://pbs.twimg.com/media/GmfsryZaIAAMPL5.jpg,,in,,9,247,1621,https://x.com/Avrlya_/status/1902749609837085055,1439939035116363786,Avrlya_;;
1902590953908744508,Thu Mar 20 14:00:22 +0000 2025,5944,[250320] IGS #IndonesiaGelap https://t.co/UUhq9A1s4D,1902721881406587204,https://pbs.twimg.com/media/GmfTdlDbEAA19ta.jpg,skipberat,und,üçÄ,114,21,2282,https://x.com/skipberat/status/1902721881406587204,992790872600162305,skipberat;;
1903296120014639130,Sat Mar 22 04:02:11 +0000 2025,247,temen-temen tolong rt &amp; reply ini yaa jangan pernah nyerah untuk bersuara!! #TolakRUUTNI #TolakRevisiUUTNI #PeringatanDarurat #IndonesiaGelap #TolakDwifungsiABRI https://t.co/q2O7pQ0WtR,1903296120014639130,https://pbs.twimg.com/media/Gmndux8aEAIp0w8.jpg,,in,Jee‚Äôs worldüßúüèª‚Äç‚ôÄÔ∏è,2,171,371,https://x.com/Jeanethvy/status/1903296120014639130,1618058259142971393,Jeanethvy;
1903177005727920314,Fri Mar 21 20:08:52 +0000 2025,90,selamat pagi NKRI #TolakRUUTNI #TolakRevisiUUTNI #PeringatanDarurat #IndonesiaGelap #TolakDwifungsiABRI https://t.co/u5yzKuBH1w,1903177005727920314,https://pbs.twimg.com/media/GmlxZehaEAAAqSs.jpg,,in,she/they,1,23,59,https://x.com/nijiroar/status/1903177005727920314,1366991761009115140,nijiroar;;
1903003078753915064,Fri Mar 21 08:37:44 +0000 2025,95,Kalau sampai introvert kayak gw turun ke jalan artinya negara beneran lagi gak baik-baik aja. PANJANG UMUR PERJUANGAN. KEMBALIKAN TNI KE BARAK!!!!!!!!!!! #TolakRUUTNI #TolakRevisiUUTNI #PeringatanDarurat #IndonesiaGelap #TolakDwifungsiABRI https://t.co/W6RSrWMFip,1903003078753915064,https://pbs.twimg.com/media/GmjTLU9bUAAIr6y.jpg,,in,Mauve Ruby Ashbourne.,2,21,39,https://x.com/immenseIove/status/1903003078753915064,1847481053373730816,immenseIove;;
1902656627485839855,Thu Mar 20 09:41:04 +0000 2025,3805,naikkan ht jangan tutup mata! #TolakRUUTNI #TolakRevisiUUTNI #PeringatanDarurat #IndonesiaGelap #TolakDwifungsiABRI https://t.co/AAz4DyfB0T,1902656627485839855,https://pbs.twimg.com/media/GmeYHncakAA4BL9.jpg,,in,8M1T üè¥‚Äç‚ò†Ô∏è,28,1153,3162,https://x.com/woyorbit/status/1902656627485839855,1382458629215821828,woyorbit;;
1903086833862381727,Fri Mar 21 14:10:33 +0000 2025,2161,Jgn berhenti yok naikin ht trs seterusnya sampe pda buka mata lebar lebar jgn lengah ‚ÄºÔ∏èHELP RT LIKE OR REPLY‚ÄºÔ∏è #TolakRUUTNI #TolakRevisiUUTNI #PeringatanDarurat #IndonesiaGelap #TolakDwifungsiABRI https://t.co/iLBhZDhzLq,1903086833862381727,https://pbs.twimg.com/media/GmkfYsbbQAAnFxF.jpg,,in,pgn ke sungai amazon :),32,849,2126,https://x.com/KanaFatin/status/1903086833862381727,1710431656736419840,KanaFatin;;
"1903327976135037047,Sat Mar 22 06:08:46 +0000 2025,9,Kapolda Lampoung Tak Terima Anggotanya yang Gugur Dituduh Terima Setoran Judi Sabung Ayam: Buktikan Kalau Ada Giitu doongn pak.. jgn cuma berani sama mahasiswa yg demo #TolakDwifungsiTNI #TolakDwifungsiABRI #TolakRevisiUUTNI #PeringatanDarurat #IndonesiaGelap https://t.co/XYXlsj1ZML,1903327976135037047,https://pbs.twimg.com/ext_tw_video_thumb/1903327934259310592/pu/img/d3-32LqXNefov8_E.jpg,,in,""Kota Surabaya, Jawa Timur"",0,0,6,https://x.com/hitampekat_2004/status/1903327976135037047,1389949819096076291,hitampekat_2004";;
1903290371800526949,Sat Mar 22 03:39:20 +0000 2025,852,Jika raga tidak memungkinkan media sosial menjadi pilihan! Terus bersuara!! #TolakRUUTNI #TolakRevisiUUTNI #PeringatanDarurat #IndonesiaGelap #TolakDwifungsiABRI https://t.co/g1gRY55N7j,1903290371800526949,https://pbs.twimg.com/media/GmnYgbfasAAQbex.jpg,,in,forever seven,14,363,1191,https://x.com/ARMYTEAMIID/status/1903290371800526949,1133734878334279683,ARMYTEAMIID;;
"1902656915752026558,Thu Mar 20 09:42:13 +0000 2025,3462,RT AND REPLY #TolakRUUTNI #TolakRevisiUUTNI #PeringatanDarurat #IndonesiaGelap #TolakDwifungsiABRI https://t.co/RmBTvcXMU2,1902656915752026558,https://pbs.twimg.com/media/GmeYYSxbcAASdy-.jpg,,en,""Seoul, Korea Selatan"",31,1046,3543,https://x.com/rahmdess27/status/1902656915752026558,442477264,rahmdess27";;
1903160733573243279,Fri Mar 21 19:04:12 +0000 2025,174, Why listen to the people when you can just let the military decide everything? Genius move really. G prnah semuak ini ngelukis #CabutRUUTNI #PeringatanDarurat #IndonesiaGelap #TolakRUUTNI #TolakRevisiUUTNI #TolakDwifungsiABRI #TolakRUUPolri #Tolakruukejaksaan #ArtistBersuara https://t.co/9oThbdYj66,1903160733573243279,https://pbs.twimg.com/media/Gmlilz9a8AA4VOl.jpg,,en,,3,22,136,https://x.com/shrnhw/status/1903160733573243279,1204775546913087488,shrnhw;;
1903283743244292574,Sat Mar 22 03:13:00 +0000 2025,64,saran aja nih kalian yg pada naikin ht #TolakRUUTNI #TolakRevisiUUTNI #IndonesiaGelap #TolakDwifungsiABRI tolong sekalian masukin konteksnya ya guys biar orang2 pada paham i mean bisa jelasin problemnya apa qrt dari tweet yg sumbernya valid atau masukin foto cthnya kaya gini https://t.co/7hVi8tBaBf,1903283743244292574,https://pbs.twimg.com/media/Gmmo4sbbUAAhQU8.jpg,,in,,3,5,68,https://x.com/jjeongjaehyunj/status/1903283743244292574,482798200,jjeongjaehyunj;;
1903125100100194520,Fri Mar 21 16:42:36 +0000 2025,1583,JANGAN CAPEK BERSUARA DAN DIBILANG FOMO DOANG mending dikatain fomo daripada bungkam doang!!! #GagalkanRUUTNI #CabutRUUTNI #PeringatanDarurat #IndonesiaGelap #TolakRUUTNI #TolakRevisiUUTNI #PeringatanDarurat #IndonesiaGelap #TolakDwifungsiABRI #SupremasiSipil https://t.co/Ui61fONWpx,1903125100100194520,https://pbs.twimg.com/media/GmlCMTDbIAA7QB9.jpg,,in,homophobic dni,17,730,1519,https://x.com/umugosh/status/1903125100100194520,1372394292388397060,umugosh;;
1902614882694074479,Thu Mar 20 06:55:11 +0000 2025,1110,utk 02 voter dan skrg kalian nyesel bayar rasa penyesalan kalian dgn cara selalu berisik di sosmed atas masalah RUU TNI ini. jangan malu. ayo kita sama sama bersuara untuk sesama rakyat. #TolakRUUTNI #TolakRevisiUUTNI #PeringatanDarurat #IndonesiaGelap #TolakDwifungsiABRI https://t.co/0XMP85EQrk,1902614882694074479,https://pbs.twimg.com/media/GmdyJhfa8AEBbXa.jpg,,in,,8,464,939,https://x.com/glaucuosie/status/1902614882694074479,1665694643567357953,glaucuosie;;
1902664409480049032,Thu Mar 20 10:11:59 +0000 2025,1491,PLS RT LIKE OR REPLY‚ÄºÔ∏è #TolakRUUTNI #TolakRevisiUUTNI #PeringatanDarurat #IndonesiaGelap #TolakDwifungsiABRI https://t.co/I6UbEVgR0a,1902664409480049032,https://pbs.twimg.com/media/GmefMQra8AAjwCG.jpg,,en,she/they ; fan account ‚ãÜÀô‚ü°,20,334,1101,https://x.com/wafflerush/status/1902664409480049032,1298488186562199553,wafflerush;
"1902377833865101350,Wed Mar 19 15:13:14 +0000 2025,4741,LATE POST Pesawaran 17 Maret 2025 Demo di gedung KPU membara #IndonesiaGelap Rakyat sudah tidak percaya lagi!! https://t.co/XUuTv7ByMc,1902377833865101350,https://pbs.twimg.com/ext_tw_video_thumb/1902377693053865984/pu/img/6GuR0jLhWTWTuMVc.jpg,,in,""Cengkareng, Indonesia"",15,47,1407,https://x.com/NenkMonica/status/1902377833865101350,1040306964100669440,NenkMonica";;
1903170738896654383,Fri Mar 21 19:43:58 +0000 2025,1534,YG BELUM TIDUR AYO NAIKIN HT GUYS #GagalkanRUUTNI #CabutRUUTNI #PeringatanDarurat #IndonesiaGelap #TolakRUUTNII #SupremasiSipil #TolakRevisiUUTNI #PeringatanDarurat #TolakDwifungsiABRI #KembalikanTNIkeBarak https://t.co/LsXG1k1JFb,1903170738896654383,https://pbs.twimg.com/media/Gmlrs3faEAA3yo4.jpg,,in,,19,574,1235,https://x.com/wh0s_rar4/status/1903170738896654383,1755220525583101952,wh0s_rar4;;
1903031800768983263,Fri Mar 21 10:31:52 +0000 2025,1802,ayo moots bantu reply rt sama like. stop being ignorant kaya pemerintah #TolakRUUTNI #TolakRevisiUUTNI #PeringatanDarurat #IndonesiaGelap #TolakDwifungsiABRI #TolakRUUPolri #TolakRUUKejaksaan,1903031800768983263,,,in,ra.,23,1000,1795,https://x.com/caranphernelia/status/1903031800768983263,1863146276784865280,caranphernelia;;
1902651418672046381,Thu Mar 20 09:20:22 +0000 2025,4398,Jangan takut bersuara! Ayo tetap terus bersuara! Kami sebagai warga negara Indonesia DENGAN TEGAS menolak Revisi Undang-Undang Tentara Nasional Indonesia (RUU TNI)! #TolakRUUTNI #TolakRevisiUUTNI #PeringatanDarurat #IndonesiaGelap #TolakDwifungsiABRI https://t.co/4CJFMbbcUu,1902651418672046381,https://pbs.twimg.com/media/GmeTYQ1acAAC94T.jpg,,in,üáÆüá©,27,467,2412,https://x.com/infodrakor_id/status/1902651418672046381,1376348437,infodrakor_id;;
"1902501144271995305,Wed Mar 19 23:23:14 +0000 2025,670,Awali pagimu dengan berdoa jalan kaki dan meruntuhkan kezaliman tirani. Manifesting Ramadan 1446 H TNI kembali ke barak dan rakyat merebut kemenangan konstitusi #TolakRUUTNI #TolakRevisiUUTNI #IndonesiaGelap #PeringatanDarurat https://t.co/QcKEyUJPw0,1902501144271995305,https://pbs.twimg.com/media/GmcKsPia8AIQu-s.jpg,,in,""Kebayoran Lama, Jakarta"",1,15,394,https://x.com/eyesofaquila/status/1902501144271995305,1750848806730735616,eyesofaquila";;
1902598886981525611,Thu Mar 20 05:51:37 +0000 2025,5758,boleh naiki ht ya carat #TolakRUUTNI #TolakRevisiUUTNI #PeringatanDarurat #IndonesiaGelap #TolakDwifungsiABRI https://t.co/odTbsvDnru,1902598886981525611,https://pbs.twimg.com/media/GmdjlcIa8AAEkRN.jpg,,in,RPS FA ‚Ä¢ area 18+,46,1297,4548,https://x.com/howoozistt/status/1902598886981525611,929692364259565568,howoozistt;;
1902627292263936117,Thu Mar 20 07:44:30 +0000 2025,8623,Bunyi sila ke 5 Pancasila Keadilan bagi seluruh rakyat Indonesia DIMANA KEADILAN NYAA !? YANG ADA RAKYAT MALAH MAKIN SENGSARA YANG MISKIN SEMAKIN MISKIN YG KAYA SEMAKIN KAYA #TolakRUUTNI #PeringatanDarurat #IndonesiaGelap #TolakDwifungsiABRI https://t.co/CN6GGJrUyU,1902627292263936117,https://pbs.twimg.com/media/Gmd9b75a8AEofVO.jpg,,in,,80,1062,6516,https://x.com/Xmsanrayy/status/1902627292263936117,1395253906528096256,Xmsanrayy;;
1903029978213781696,Fri Mar 21 10:24:38 +0000 2025,3774,guys ayo bantu up lagi karena bakal ngaruh di segala aspek kehidupan kita kedepannya drop ht please + rt yuk suarain huhu #TolakRUUTNI #TolakRevisiUUTNI #PeringatanDarurat #IndonesiaGelap #TolakDwifungsiABRI https://t.co/sBsg1KUaEY,1903029978213781696,https://pbs.twimg.com/media/GmjrqbyaEAIdRc_.jpg,,in,skynani pondphu willest,56,1316,3681,https://x.com/pahnpotie/status/1903029978213781696,1639640639276195840,pahnpotie;;
1903008693643350465,Fri Mar 21 09:00:03 +0000 2025,5387,AYO GAIS UP TERUS HT NYA SAMPE PARA PETINGGI ITU NGELIHAT. JANGAN MAU DIPANDANG JELEK SAMA ORNG LUAR BUKTIIN KALAU RAKYAT KAYAK KITA BISA MENANG #TolakRUUTNI #TolakRevisiUUTNI #PeringatanDarurat #IndonesiaGelap #TolakDwifungsiABRI #TolakRUUPolri #TolakRUUKejaksaan,1903008693643350465,,,in,love phuwin's alot üíå,68,1960,4252,https://x.com/winnythanaa/status/1903008693643350465,1536926524850700288,winnythanaa;;
1903051200842645972,Fri Mar 21 11:48:57 +0000 2025,3426,JANGAN NAIKIN HASTAG SERIES BISA TAPI HASTAG TENTANG NEGARA SENDIRI GA BISA YA LU PADA TERSERAH DI AKUN MANA ‚ÄºÔ∏è #TolakRUUTNI #TolakRevisiUUTNI #PeringatanDarurat #IndonesiaGelap #TolakDwifungsiABRI #TolakRUUPolri #TolakRUUKejaksaan,1903051200842645972,,,in,,43,1438,2935,https://x.com/lallonara/status/1903051200842645972,1221456765310529536,lallonara;;
"1903068132920660233,Fri Mar 21 12:56:14 +0000 2025,911,JANGAN BUTA LIAT BAIK-BAIK CERNA BAIK-BAIK LAWAN DENGAN KEKERASAN MENANGKAN KE ADILAN! proud of you who took part directly!! stay safe tetap jaga kesehatan. #TolakRUUTNI #TolakRevisiUUTNI #TolakDwifungsiABRI #PeringatanDarurat #IndonesiaGelap #IndonesiaMakinGelap https://t.co/OPoejtcLGl,1903068132920660233,https://pbs.twimg.com/media/GmkOYHHaEAEPEEY.jpg,,in,""Bogor Barat, Indonesia"",11,630,831,https://x.com/abcdefghellowz/status/1903068132920660233,1629417675670847488,abcdefghellowz";;
1903017191089270958,Fri Mar 21 09:33:49 +0000 2025,6035,Yok ges yok jan lengah naiknya terus ht nya serame ramenya sampe para petinggi pda buka mata lebar lebarr ‚ÄºÔ∏èHELP RT LIKE OR REPLY‚ÄºÔ∏è #TolakRUUTNI #TolakRevisiUUTNI #PeringatanDarurat #IndonesiaGelap #TolakDwifungsiABRI https://t.co/mAfFtwNbEi,1903017191089270958,https://pbs.twimg.com/media/GmjgDIgbkAACnmz.jpg,,in,pgn ke sungai amazon :),71,1537,5078,https://x.com/KanaFatin/status/1903017191089270958,1710431656736419840,KanaFatin;;
1902622655863546157,Thu Mar 20 07:26:04 +0000 2025,3202,[Sorry Not RM Related] Meski tak turun kejalan suara kita tetap sangat dibutuhkan!! #TolakRUUTNI #TolakRevisiUUTNI #PeringatanDarurat #IndonesiaGelap #TolakDwifungsiABRI https://t.co/TMnirBxOFu,1902622655863546157,https://pbs.twimg.com/media/Gmd093Ia8AE_QNO.jpg,,in,,18,654,3231,https://x.com/RM_TeamIna/status/1902622655863546157,1582310360094486528,RM_TeamIna;;
1903063854785192154,Fri Mar 21 12:39:14 +0000 2025,379,KITA BERHAK BERSUARA! KITA BUTUH KEADILAN! #TolakRUUTNI #TolakRevisiUUTNI #PeringatanDarurat #IndonesiaGelap #TolakDwifungsiABRI #TolakRUUPolri #TolakRUUKejaksaan https://t.co/Gz48WmWgPH,1903063854785192154,https://pbs.twimg.com/media/GmkKfF0aEAUWuYg.jpg,,in,perthsanta narak narak ,7,178,383,https://x.com/lovaaapon/status/1903063854785192154,1877355569746685952,lovaaapon;;
1903058144315707415,Fri Mar 21 12:16:33 +0000 2025,1410,Untuk kesekian kalinya gw mengatakan ini #CabutRUUTNI #TolakRUUTNI #IndonesiaGelap https://t.co/AbSMU0lopY,1903058144315707415,https://pbs.twimg.com/media/GmkFS-maEAgwkRW.jpg,,in,,3,63,704,https://x.com/geprekpaktill23/status/1903058144315707415,1529098204712562688,geprekpaktill23;;
1902588975178776669,Thu Mar 20 05:12:14 +0000 2025,31472,[250320] Instagram. Menanggapi disahkannya Undang-Undang TNI oleh DPR eaJ memberikan dukungan untuk rakyat Indonesia. Kami mengirimkan pelukan untuk Rakyat Indonesia khususnya untuk Jars Indonesia. #TolakRUUTNI #TolakRevisiUUTNI #IndonesiaGelap #PeringatanDarurat https://t.co/r5xDh9V5bd,1902588975178776669,https://pbs.twimg.com/media/GmdalhUa8AUQMMV.jpg,,in,üáÆüá© INDONESIA JARS,275,542,8378,https://x.com/sappheirosteam/status/1902588975178776669,1562085488219267072,sappheirosteam;;
1903059231735157173,Fri Mar 21 12:20:52 +0000 2025,554,Gak peduli ava kamu apa fandom apa siapapun kamu ayo bersuara demi Indonesia. #TolakRUUTNI #CabutRUUTNI #CabutUUTNI #IndonesiaGelap #IndonesiaMakinGelap https://t.co/eZSjB9AkAv,1903059231735157173,https://pbs.twimg.com/media/GmkGSURaUAAyvnA.jpg,,in,,6,252,564,https://x.com/yourbaemezmes07/status/1903059231735157173,1456948963890716676,yourbaemezmes07;;
1903137095725846811,Fri Mar 21 17:30:16 +0000 2025,1187,Semakin malam Bandung pantang padam. #TolakRevisiUUTNI #IndonesiaGelap #PeringatanDarurat https://t.co/6TlfdlYgB7,1903137095725846811,https://pbs.twimg.com/media/GmlNF3saEAM7OvT.jpg,,in,,8,21,482,https://x.com/giemultiverse/status/1903137095725846811,1094563673463349248,giemultiverse;;
1902730450017353809,Thu Mar 20 14:34:24 +0000 2025,4244,nct! Kami warga Indonesia menolak adanya Revisi UU TNI. Mari suarakan #TolakRevisiUUTNI karena negara ini sedang tidak baik-baik saja #TolakRUUTNI #PeringatanDarurat #IndonesiaGelap #TolakDwifungsiABRI https://t.co/1oilvTKogF,1902730450017353809,https://pbs.twimg.com/media/GmfbQtBbcAAxaDY.jpg,,in,Tutor send MF:,28,1388,2615,https://x.com/nct_menfess/status/1902730450017353809,1275010241017462784,nct_menfess;;
1903052947732435341,Fri Mar 21 11:55:54 +0000 2025,59,Liat kebrutalan mereka dengan pentungan dan tameng itu wkwkwk KAYA KONTOL LO TNI POLRI BANGSAT #TolakRUUTNI #TolakRevisiUUTNI #PeringatanDarurat #IndonesiaGelap #TolakDwifungsiABRI #TolakRUUPolri #TolakRUUKejaksaan #CabutRUUTNI #GagalkanRUUTNI https://t.co/0w8J4RyLzC,1903052947732435341,https://pbs.twimg.com/amplify_video_thumb/1902723849957015552/img/MBwDs1sDgbaHv0Iy.jpg,,in,Thaienthu/mlbb/random,0,12,31,https://x.com/croazie/status/1903052947732435341,1106876389108547585,croazie;;
1903003115433103574,Fri Mar 21 08:37:53 +0000 2025,801,yaelah pemerintah kerjaannya bikin gw adain art raffle mendadak mulu. all can join. ntar hadiahnya rkgk couple like this. Rulesnya: 1. like &amp; rt. gausah follow juga gapapa 2. rep apapun pake ht #CabutRUUTNI #TolakRUUTNI #TolakRevisiUUTNI #PeringatanDarurat #IndonesiaGelap https://t.co/QromuQe8Nc,1903003115433103574,https://pbs.twimg.com/media/GmjTPyKaEAEd_fp.jpg,,in,NagiReo's hug„ÄÇ,2,266,523,https://x.com/mkgrokanojo/status/1903003115433103574,1069493845635694593,mkgrokanojo;
1903091818662912295,Fri Mar 21 14:30:21 +0000 2025,902,Hanya diri kita yang bisa mewakilkan rakyat #TolakRUUTNI #TolakRevisiUUTNI #PeringatanDarurat #IndonesiaGelap #TolakDwifungsiABRI https://t.co/KhFJcwTvt7,1903091818662912295,https://pbs.twimg.com/media/Gmkjv1JaAAAX6WU.jpg,,in,,1,109,631,https://x.com/J_ON18/status/1903091818662912295,1355535010510512130,J_ON18;;
1901014707680801193,Sat Mar 15 20:56:40 +0000 2025,172,#IndonesiaGelap #TolakRUUTNI #TolakDwifungsiABRI https://t.co/ljC6nC9uwv,1901014707680801193,https://pbs.twimg.com/media/GmHCzT0bIAAAznl.jpg,,qme,Indonesia,1,0,30,https://x.com/ifurenotmine/status/1901014707680801193,999147777845153794,ifurenotmine;;
1903253499477102872,Sat Mar 22 01:12:49 +0000 2025,660,Keadilannya bagi siapa yg kalian perjuangkan itu? #ArtistBersuara #TolakRUUTNI #TolakRevisiUUTNI #PeringatanDarurat #IndonesiaGelap #TolakDwifungsiABRI https://t.co/jNdHrXaBeZ,1903253499477102872,https://pbs.twimg.com/media/Gmm2-KFbMAAB7qu.jpg,,in,üëü‚òïÔ∏è‚ùîÔ∏è| 20+,1,111,603,https://x.com/aenminy_/status/1903253499477102872,1512430071260200962,aenminy_;;
1902984810328412260,Fri Mar 21 07:25:09 +0000 2025,1630,ftd! Guys waktu kita TERBATAS! kalo gagal kita mungkin gak bisa bersuasa lagi. Jangangkan bersuara fangirling jg bakal susah #.TolakRUUTNI #.TolakRevisiUUTNI #.PeringatanDarurat #.IndonesiaGelap #.TolakDwifungsiABRI #.TolakRUUPolri #.TolakRUUKejaksaan https://t.co/qLa6WqOh1h,1902984810328412260,https://pbs.twimg.com/media/GmjCmaqWoAAzw5Q.jpg,,in,,27,943,1159,https://x.com/fessthaii/status/1902984810328412260,1393735951239684100,fessthaii;;
1902031506576683412,Tue Mar 18 16:17:03 +0000 2025,14447,Kenapa gerakan perempuan menolak revisi UU TNI? Kenapa Aliansi Perempuan Indonesia (API) dan rakyat menolak RUU TNI? #TolakRUUTNI #TolakRevisiUUTNI #IndonesiaGelap https://t.co/Uux8R0QXWI,1902031506576683412,https://pbs.twimg.com/media/GmVfkkVa0AAdbM0.jpg,,in,,124,71,9954,https://x.com/wandarxn/status/1902031506576683412,472921471,wandarxn;;
1903000960617812114,Fri Mar 21 08:29:19 +0000 2025,12470,GUYS PLSS YNG WIBU KPOPERS DRAKOR LOVERS THAIENTHU DLL. SKRNG KITA BARENG2 BELA NEGARA DULU! #TolakRUUTNI #TolakRevisiUUTNI #PeringatanDarurat #IndonesiaGelap #TolakDwifungsiABRI #TolakRUUPolri #TolakRUUKejaksaan,1903000960617812114,,,in,in your heart | she/her,118,2755,8214,https://x.com/Stvarlightt_/status/1903000960617812114,1601074434407747584,Stvarlightt_;;
1902458003946926333,Wed Mar 19 20:31:48 +0000 2025,13090,Seneng banget nyamperin dan ngusir ngusir kami Pak padahal ini rumah kami. Gak boleh ya kita jagain disaat yang kita kasih kepercayaan untuk jaga malah ngerusak rumah yang kami percayakan? #TolakRUUTNI #TolakRevisiUUTNI #IndonesiaGelapJilid2 #IndonesiaGelap https://t.co/SW9J4d4fXZ,1902458003946926333,https://pbs.twimg.com/media/GmbjX82a8AAmY0i.jpg,,in,She/Her,52,113,5588,https://x.com/nakaharadz/status/1902458003946926333,1555329492662398976,nakaharadz;;
1902665699111157791,Thu Mar 20 10:17:07 +0000 2025,1927,Saya percaya pada kebaikan umat manusia. Ditengah segala macam huru-hara yang tengah terjadi mungkin mudah untuk putus asa. Tapi saya percaya selama kita tidak diam keadilan masih ada di tangan rakyat. #IndonesiaGelap https://t.co/pLpyxcHOnX,1902665699111157791,https://pbs.twimg.com/media/Gmefko1a0AAoMtR.jpg,,in,they/them,3,25,1016,https://x.com/lsangelina14/status/1902665699111157791,744485919089033216,lsangelina14;;
1902600503508488196,Thu Mar 20 05:58:03 +0000 2025,98,Parlemen telah mengetuk palu. Militer tetap profesional katanya. Jika begitu mengapa bayangan masa lalu justru semakin nyata? #TolakRUUTNI #CabutRUUTNI #IndonesiaGelap #PeringatanDarurat https://t.co/Nx2qhoCo0h,1902600503508488196,https://pbs.twimg.com/media/GmdlEjYaEAAdW0D.jpg,,in,,0,0,29,https://x.com/pathologiest/status/1902600503508488196,1890585196090781696,pathologiest;;
"1902623409781293393,Thu Mar 20 07:29:04 +0000 2025,643,Masih relate sampai sekarang apa yang disampaikan Mbah Nun 6 tahun lalu. #TolakRevisiUUTNI #IndonesiaGelap https://t.co/PpQslsGnsB,1902623409781293393,https://pbs.twimg.com/amplify_video_thumb/1902623293724839936/img/L8nxd0J6i7GfYRDH.jpg,,in,""Kalimantan Selatan, Indonesia"",2,0,223,https://x.com/Born2shinee_/status/1902623409781293393,1181234168606232576,Born2shinee_";;
"1903095322706055381,Fri Mar 21 14:44:17 +0000 2025,25,LAGII!!!! #TolakRUUTNI #TolakRevisiUUTNI #PeringatanDarurat #IndonesiaGelap #TolakDwifungsiABRI #TolakRUUPolri #TolakRUUKejaksaan https://t.co/D7kdhHnpUE,1903095322706055381,https://pbs.twimg.com/media/GmknGhMaIAAXsVK.jpg,,in,""bumi , 07z"",0,25,15,https://x.com/terhaefullsun/status/1903095322706055381,1373098219824017408,terhaefullsun";;
1902656415468024293,Thu Mar 20 09:40:13 +0000 2025,5584,Neozen KITA HIDUP DI NEGARA TANPA TELINGA! Lawan sampai menang! # TolakRUUTNI # TolakRevisiUUTNI # PeringatanDarurat # IndonesiaGelap # TolakDwifungsiABRI https://t.co/pYlrIRFIdd,1902656415468024293,https://pbs.twimg.com/media/GmeX7UeW8AAhDik.jpg,,in,200402,35,1380,2874,https://x.com/nctzenbase/status/1902656415468024293,2503485216,nctzenbase;;
"1902676103514505719,Thu Mar 20 10:58:27 +0000 2025,4081,JANGAN PANTANG MENYERAH Kami sebagai Warga Negara Indonesia DENGAN TEGAS menolak Revisi Undang-Undang Tentara Nasional Indonesia (RUU TNI) #TolakRUUTNI #TolakRevisiUUTNI #PeringatanDarurat #IndonesiaGelap #TolakDwifungsiABRI https://t.co/DAGur882et,1902676103514505719,https://pbs.twimg.com/media/Gmep1DxbgAE198c.jpg,,in,""Seoul, Korea Selatan"",21,869,3872,https://x.com/rahmdess27/status/1902676103514505719,442477264,rahmdess27";;
1902600813018804687,Thu Mar 20 05:59:17 +0000 2025,116,Ini Ibu Puan Maharani Yang Ketok Palu RUU TNI menjadi UU ya? Dari partai apa sih? Boleh gak gw bilang DPR Kontol #PeringatanDarurat #IndonesiaGelap #TolakRevisiUUTNI #TolakDwifungsiABRI https://t.co/a8eEuItWVi,1902600813018804687,https://pbs.twimg.com/ext_tw_video_thumb/1902600787328692225/pu/img/IhZD69J175i7rAWO.jpg,,in,,2,13,50,https://x.com/WGreborn/status/1902600813018804687,1192071663895973888,WGreborn;;
1902618139034358038,Thu Mar 20 07:08:07 +0000 2025,5331,BREAKING NEWS sudah tau antek ORBA sama RW 58 malah dipilih ya gini deh jadinya. #PeringatanDarurat #IndonesiaGelap #TolakRevisiUUTNI #TolakRevisiUUTNI DPR KONTOL PEMERINTAH KONTOL https://t.co/Un2qfdENR2,1902618139034358038,https://pbs.twimg.com/media/Gmd1HT3boAARKtn.jpg,,in,,35,143,1779,https://x.com/WGreborn/status/1902618139034358038,1192071663895973888,WGreborn;;
1902943524158574991,Fri Mar 21 04:41:05 +0000 2025,2136,20 Maret 2025 Hari terakhir bagi 200 org karyawan PT Tokai Kagu Indonesia Cikarang Mereka terkena PHK. #IndonesiaGelap https://t.co/3KjncDZDpl,1902943524158574991,https://pbs.twimg.com/ext_tw_video_thumb/1902943463567716352/pu/img/IwclrY9qSkpxHacx.jpg,,in,Indonesia,30,72,856,https://x.com/yaniarsim/status/1902943524158574991,929287558281830400,yaniarsim;;
"1902570996999045357,Thu Mar 20 04:00:48 +0000 2025,79,Dibilang #IndonesiaGelap ga terima Coba sejak kapan si Ijo-ijo ini dikerahkan untuk menjaga Gedung DPR menghadapi Rakyat ??? Menjaga Pengesahan Undang-undang yg dibikin untuk kepentingan mereka. KEREN KALIAN https://t.co/jXtXGrFt41,1902570996999045357,https://pbs.twimg.com/ext_tw_video_thumb/1902558642655973376/pu/img/VihVMJ1chpLHIr3I.jpg,,in,""Jakarta Pusat, DKI Jakarta"",1,3,37,https://x.com/RikeSants/status/1902570996999045357,1389046349895663616,RikeSants";;
1903242086943723601,Sat Mar 22 00:27:28 +0000 2025,300,di atas fir'aun masih ada pemerintah TURUT BERDUKA CITA ATAS MATINYA REFORMASI! #GagalkanRUUTNI #CabutRUUTNI #TolakRUUTNI #TolakRevisiUUTNI #PeringatanDarurat #IndonesiaGelap #TolakDwifungsiABRI #SupremasiSipil #TolakRUUPolri #TolakRUUKejaksaan https://t.co/1W92ZfH906,1903242086943723601,https://pbs.twimg.com/media/Gmmslqqb0AA3M0f.jpg,,in,homophobic dni,2,210,262,https://x.com/amorrjsuu/status/1903242086943723601,1795767727749251073,amorrjsuu;;
1902917574393991593,Fri Mar 21 02:57:58 +0000 2025,2626,bentar ya nomin nih negara lagi diancurin #TolakRUUTNI #TolakRevisiUUTNI #PeringatanDarurat #IndonesiaGelap #TolakDwifungsiABRI https://t.co/8uUugX4Qo0,1902917574393991593,https://pbs.twimg.com/media/GmiFcAvaEAM44I7.jpg,,in,Rps,14,464,1064,https://x.com/Softthet1c/status/1902917574393991593,1408214610088370177,Softthet1c;;
1902835519123529765,Thu Mar 20 21:31:55 +0000 2025,2107,Udah gelap masih harus ditodong senjata lagi #TolakRUUTNI #TolakRevisiUUTNI #PeringatanDarurat #IndonesiaGelap #TolakDwifungsiABRI #ArtistBersuara https://t.co/gz5rHgRimJ,1902835519123529765,https://pbs.twimg.com/media/Gmg6Iz9awAAhFWS.jpg,,in,,6,228,1279,https://x.com/tengqiii/status/1902835519123529765,1737087455227170816,tengqiii;;
1902732170122461457,Thu Mar 20 14:41:15 +0000 2025,203,ART RAFFLE! Semua boleh ikut! 1 winner bust up Syarat: 1. Like &amp; rt. Gak perlu follow 2. Rep apapun pake ht #CabutRUUTNI #TolakRUUTNI #TolakRevisiUUTNI #PeringatanDarurat #IndonesiaGelap https://t.co/Yu1YoNpqjT,1902732170122461457,https://pbs.twimg.com/media/Gmfc0RRaoAAkMRb.jpg,,in,,3,98,151,https://x.com/mawbasopentol/status/1902732170122461457,1113424659007987719,mawbasopentol;
1902622159379542245,Thu Mar 20 07:24:06 +0000 2025,1810,Si kakek tua kalo bikin kebijakan Bikin kebijakan ngaco Ô∏è Diprotes rakyat Ô∏è Ngebentak nyuruh2 dibatalin biar jadi pahlawan Ô∏è Batalin kebijakan ngaco Ô∏è Bikin kebijakan baru yg lebih ngaco #TolakRUUTNI #TolakRevisiUUTNI #PeringatanDarurat #IndonesiaGelap #TolakDwifungsiABRI https://t.co/QEy9lw8kzg,1902622159379542245,https://pbs.twimg.com/media/Gmd4xGDawAAj-ky.jpg,,in,ÎØºÏõê RPS ,14,252,1077,https://x.com/kittywhiteu/status/1902622159379542245,1715548228601643008,kittywhiteu;;
1903030775081210184,Fri Mar 21 10:27:48 +0000 2025,338,Mumpung lg cosplay jd pengangguran tak adain art raffle. Hadiahnya bust up kopel Rules: 1). Like sama RT post ini 2). reply pake hashtag: #CabutRUUTNI #TolakRUUTNI #TolakRevisiUUTNI #PeringatanDarurat #IndonesiaGelap Selesai tanggal 31 gud luck yall and stay safe https://t.co/ILXOdaIYcL,1903030775081210184,https://pbs.twimg.com/media/GmjsZ1BawAALoyU.jpg,,in,masih esemah,1,113,219,https://x.com/fulushoo/status/1903030775081210184,1776731535728865280,fulushoo;;
1903273158859428100,Sat Mar 22 02:30:56 +0000 2025,37,#ARTRAFFLE ! semua orang boleh ikut ‚≠ê3 pemenang dapat illust bust up dengan style ini Ends: 5 April 2025 Rules : - Like &amp;" repost - Rep dengan hashtag #CabutRUUTNI #TolakRUUTNI #TolakRevisiUUTNI #PeringatanDarurat #IndonesiaGelap https://t.co/6UCn0PCBTY,1903273158859428100,https://pbs.twimg.com/media/GmnIQWIaEAEjqEM.jpg,,in,""Bandung, Jawa Barat"",1,11,22,https://x.com/H16seize/status/1903273158859428100,1555067216286330880,H16seize";
"1902062096881516896,Tue Mar 18 18:18:37 +0000 2025,190,RUU TNI adalah karpet merah lahir kembali orde baru capek-capek reformasi kok jadinya seperti ini sih. . . . . Bursa Efek Indonesia Selamattt Chris Evan Lampung Israel IHSG Pika #IndonesiaGelap https://t.co/Lqe9OnSW7M,1902062096881516896,https://pbs.twimg.com/ext_tw_video_thumb/1902061517891338240/pu/img/e-GL_5Yys7e4foVU.jpg,,in,""DKI Jakarta, Indonesia"",2,7,94,https://x.com/Nobody_2811/status/1902062096881516896,1787788662295683072,Nobody_2811";;
1903110156864606256,Fri Mar 21 15:43:14 +0000 2025,676,Naikin ht nya terus ‚ÄºÔ∏èHELP RT LIKE OR REPLY ‚ÄºÔ∏è #GagalkanRUUTNI #CabutRUUTNI #PeringatanDarurat #IndonesiaGelap #TolakRUUTNI #TolakRevisiUUTNI #PeringatanDarurat #IndonesiaGelap #TolakDwifungsiABRI #SupremasiSipil,1903110156864606256,,,in,bakso-land,8,502,676,https://x.com/honpiich/status/1903110156864606256,1862260564611014659,honpiich;;
1902738038125371554,Thu Mar 20 15:04:34 +0000 2025,489,TRIGGER WARNING BANTU RT SUDAH BANYAK PESERTA AKSI LUKA2 TINDAKAN ARNAKIS KEK GINI HARUS NGADU KESIAPA KALAU APARAT KEK GINI WOI #IndonesiaGelap #TolakUUTNI https://t.co/jdRRwGZDAl,1902738038125371554,https://pbs.twimg.com/ext_tw_video_thumb/1902701659492630528/pu/img/QriE33IMntQ_jpvw.jpg,,in,,6,16,362,https://x.com/rakjarmelawan/status/1902738038125371554,1749643873612374017,rakjarmelawan;;
1901438711184949540,Mon Mar 17 01:01:30 +0000 2025,1263,Sekecil apapun perlawanan tetaplah perlawanan! #TolakRUUTNI #IndonesiaGelap https://t.co/p6DJqT8gi7,1901438711184949540,https://pbs.twimg.com/media/GmNEbcEasAAp7pl.jpg,,in,,2,4,487,https://x.com/alunissace/status/1901438711184949540,1219084667774570496,alunissace;;
1903151540065669124,Fri Mar 21 18:27:40 +0000 2025,578,yg setuju boleh rt dijamin makmur ini #TolakRUUTNI #TolakRevisiUUTNI #PeringatanDarurat #IndonesiaGelap #TolakDwifungsiABRI #TolakRUUPolri #TolakRUUKejaksaan https://t.co/rV4dRJwUiU,1903151540065669124,https://pbs.twimg.com/media/GmlaPYWbMAAGsms.jpg,,in,she/her,23,43,374,https://x.com/corysdoras/status/1903151540065669124,1772273359273033728,corysdoras;;
1902634737149342032,Thu Mar 20 08:14:05 +0000 2025,297,*not BTS related Kami sebagai warga negara Indonesia DENGAN TEGAS menolak Revisi Undang-Undang Tentara Nasional Indonesia (RUU TNI)! #TolakRUUTNI #TolakRevisiUUTNI #PeringatanDarurat #IndonesiaGelap #TolakDwifungsiABRI https://t.co/XJ8gCjgY5o,1902634737149342032,https://pbs.twimg.com/media/GmeEND9bgAAyrm0.jpg,,in,,4,101,314,https://x.com/INDOMYSPOTIFY/status/1902634737149342032,1461250946252492802,INDOMYSPOTIFY;;
1902607841900302569,Thu Mar 20 06:27:12 +0000 2025,1820,[ NOT BTS RELATED ) army! tolong terus bersuara ya negara kita lagi gak baik baik aja yg turun ke jalan tolong stay safe yang gak ikut turun...mari kita bantu doa dan bersuara lewat sosmed #.GagalkanRUUTNI #.CabutRUUTNI #.PeringatanDarurat #.IndonesiaGelap https://t.co/jWO9UIc13z,1902607841900302569,https://pbs.twimg.com/media/Gmdrv8ZWgAAhKdp.jpg,,in,,14,479,1781,https://x.com/armyfess_/status/1902607841900302569,1165668010234806273,armyfess_;;
1902609967259250715,Thu Mar 20 06:35:39 +0000 2025,14287,Nct! AYOK LEBIH BERISIK GUYSSS!! UDAH DESPERATE BANGET INI TOLONGIN JANGAN DIEM Lawan sampai menang! # TolakRUUTNI # TolakRevisiUUTNI # PeringatanDarurat # IndonesiaGelap # TolakDwifungsiABRI https://t.co/T29EZBAtPE,1902609967259250715,https://pbs.twimg.com/media/Gmdtrska8AA0RFL.png,,in,Tutor send MF:,113,2845,7938,https://x.com/nct_menfess/status/1902609967259250715,1275010241017462784,nct_menfess;;
1903102611160699333,Fri Mar 21 15:13:15 +0000 2025,834,Tersandera? #IndonesiaGelap https://t.co/DaVZUEYjxB,1903102611160699333,https://pbs.twimg.com/media/GmktlZdaEAQfTJs.jpg,,in,,23,135,195,https://x.com/MurtadhaOne1/status/1903102611160699333,1178950184601935873,MurtadhaOne1;;
1903314123951403217,Sat Mar 22 05:13:43 +0000 2025,135,UP LAGI TEMBUSIN SATU JUTA POST!!!!!!! JANGAN KASI TURUN!!! #GagalkanRUUTNI #CabutRUUTNI #PeringatanDarurat #IndonesiaGelap #TolakRUUTNI #TolakRevisiUUTNI #PeringatanDarurat #IndonesiaGelap #TolakDwifungsiABRI #SupremasiSipil https://t.co/gjfK3QUIIb,1903314123951403217,https://pbs.twimg.com/media/GmnuFT3aEAINu6i.jpg,,in,in chris heart,2,176,125,https://x.com/chrisswifes/status/1903314123951403217,1336061294919647233,chrisswifes;;
1903251776612237771,Sat Mar 22 01:05:58 +0000 2025,17,#TolakRUUTNI #TolakRevisiUUTNI #PeringatanDarurat #IndonesiaGelap #TolakDwifungsiABRI #TolakRUUPolri #TolakRUUKejaksaan https://t.co/ZxoO3NVNMx,1903251776612237771,https://pbs.twimg.com/media/Gmm1Y_fbAAARUMa.jpg,,qme,jclist ‚îÄ‚îÄ mwnist; üíñüå∏üíï,0,33,16,https://x.com/__mine9yu/status/1903251776612237771,711546359468326912,__mine9yu;
1903268556860690683,Sat Mar 22 02:12:39 +0000 2025,159,Buka mata naikin ht lagi gass #GagalkanRUUTNI #CabutRUUTNI #PeringatanDarurat #IndonesiaGelap #TolakRUUTNII #SupremasiSipil #TolakRevisiUUTNI #PeringatanDarurat #TolakDwifungsiABRI #KembalikanTNIkeBarak https://t.co/Aqs3WERbwh,1903268556860690683,https://pbs.twimg.com/media/GmnEp7qaEAEqk1_.jpg,,in,in chris heart,0,213,126,https://x.com/chrisswifes/status/1903268556860690683,1336061294919647233,chrisswifes;;
1903012017172037828,Fri Mar 21 09:13:15 +0000 2025,127,#TolakRUUTNI #TolakRevisiUUTNI #PeringatanDarurat #IndonesiaGelap #TolakDwifungsiABRI #TolakRUUPolri #TolakRUUKejaksaan #Artistbersuara https://t.co/VEuS08zbc5,1903012017172037828,https://pbs.twimg.com/media/GmjbVoFbIAA0ik3.jpg,,qme,,1,30,106,https://x.com/scriptedcolors/status/1903012017172037828,1890047080514928640,scriptedcolors;;
1902708063699959842,Thu Mar 20 13:05:27 +0000 2025,1840,Let me drop this first PEREMPUAN MENOLAK REVISI UU TNI PEREMPUAN MELAWAN #TolakRUUTNI #TolakRevisiUUTNI #PeringatanDarurat #IndonesiaGelap #TolakDwifungsiABRI https://t.co/BGOcWNc2ft,1902708063699959842,https://pbs.twimg.com/media/GmfD6ZIa0AAF-HK.jpg,,in,Jeta work'süëâ,24,383,1587,https://x.com/zchtaa/status/1902708063699959842,1545709322184712195,zchtaa;;
1903299573197705388,Sat Mar 22 04:15:54 +0000 2025,61,yang masih tone deaf atau masih belum tahu kenapa orang-orang menolak RUU TNI dan masih belum mau bersuara mending baca ini‚ÄºÔ∏è #TolakRUUTNI #TolakRevisiUUTNI #PeringatanDarurat #IndonesiaGelap #TolakDwifungsiABRI https://t.co/5gQa9ZxL3V,1903299573197705388,https://pbs.twimg.com/media/Gmng3pRagAA0L6F.jpg,,in,Î∞©ÌÉÑÏÜåÎÖÑÎã®,0,47,111,https://x.com/happywithV2/status/1903299573197705388,1664584465329582080,happywithV2;;
"1902784872541982798,Thu Mar 20 18:10:40 +0000 2025,10128,#TolakRUUTNI #TolakRevisiUUTNI #PeringatanDarurat #IndonesiaGelap #TolakDwifungsiABRI https://t.co/vkGerXE1de,1902784872541982798,https://pbs.twimg.com/media/GmgMweubEAAvUvZ.jpg,,qme,""RL, 02 voters DNI‚ÄºÔ∏è"",45,572,5426,https://x.com/crxno0/status/1902784872541982798,1375840469519790081,crxno0";;
1903012282147409945,Fri Mar 21 09:14:18 +0000 2025,955,Seorang ibu tidak bisa mengaji karena menangisi anaknya #TolakRevisiUUTNI #TolakDwifungsiTNI #IndonesiaGelap #PeringatanDarurat https://t.co/rTyDZVFVW1,1903012282147409945,https://pbs.twimg.com/media/GmjblA6aEAA6v80.png,,in,Indonesia,9,1,511,https://x.com/akrmidori/status/1903012282147409945,1279672541645160453,akrmidori;;
1902942642687840709,Fri Mar 21 04:37:35 +0000 2025,568,Innalillah #TolakRUUTNI #TolakRevisiUUTNI #PeringatanDarurat #IndonesiaGelap #IndonesiaGelapJilid2 #TolakDwifungsiABRI https://t.co/RM5pgBnzkU,1902942642687840709,https://pbs.twimg.com/media/GmicPdoaEAIR6zD.jpg,,in,üáÆüá©,2,62,394,https://x.com/__lidd__/status/1902942642687840709,1744941403753615360,__lidd__;;
1903098188531372429,Fri Mar 21 14:55:40 +0000 2025,736,Maaf banget ini bukan seventeen atau carat thingy but please reply this tweet with hashtags Jangan biarin hashtag nya turun! KAWAL TERUS SAMPAI MENANG! #TolakRUUTNI #TolakRevisiUUTNI #PeringatanDarurat #IndonesiaGelap #TolakDwifungsiABRI #TolakRUUPolri #TolakRUUKejaksaan https://t.co/MrZYgkzKTz,1903098188531372429,https://pbs.twimg.com/media/GmkpsCxbEAAxjzP.jpg,,in,Nanti aku shareloc aja,8,263,582,https://x.com/jaIjinesoyomodu/status/1903098188531372429,2496102402,jaIjinesoyomodu;;
1902693389298192663,Thu Mar 20 12:07:08 +0000 2025,5391,jangan berhenti dulu teman-teman online. tetap suarakan #IndonesiaGelap #TolakUUTNI #TolakDwifungsiABRI #TolakDwifungsiTNI #TolakKembalinyaOrba https://t.co/T7qWSdN6xA,1902693389298192663,https://pbs.twimg.com/media/Gme5jDkaAAAjNvd.jpg,,in,BTS,37,821,4110,https://x.com/busanbbys7/status/1902693389298192663,742542479027666944,busanbbys7;;
1903033622724218918,Fri Mar 21 10:39:06 +0000 2025,2985,Indonesia memang harga mati. Namun demokrasi telah diinjak mati #TolakRUUTNI #TolakRevisiUUTNI #TolakDwifungsiABRI #ArtistBersuara #IndonesiaGelap https://t.co/0Ek4KavohP,1903033622724218918,https://pbs.twimg.com/media/Gmju_rtaEAACNAk.jpg,,in,,9,433,2142,https://x.com/delacroix_32/status/1903033622724218918,1527950206545047555,delacroix_32;;
1903220510143746416,Fri Mar 21 23:01:44 +0000 2025,661,Tetaplah bersuara rakyat Indonesia! #TolakRUUTNI #TolakRevisiUUTNI #PeringatanDarurat #IndonesiaGelap #TolakDwifungsiABRI https://t.co/0SD5jPXPOh,1903220510143746416,https://pbs.twimg.com/media/GmmY9xDaEAA4ODg.jpg,,in,Indonesia,6,343,882,https://x.com/BTStreamingID/status/1903220510143746416,1280377426598490112,BTStreamingID;;
1903080666553782339,Fri Mar 21 13:46:03 +0000 2025,2333,BERISIKLAH SAMPAI SUARAMU DIDENGAR OLEH YANG TULI AKAN SUARA RAKYAT. #TolakRUUTNI #TolakRevisiUUTNI #PeringatanDarurat #IndonesiaGelap #TolakDwifungsiABRI https://t.co/RP62jq5YhL,1903080666553782339,https://pbs.twimg.com/media/GmkZx66a8AA_IkH.jpg,,in,rem ìç¢÷¥‡ªãüå∑Õô÷í   ,21,728,2198,https://x.com/matchaalust/status/1903080666553782339,1573210966195859458,matchaalust;;
1903292877465415809,Sat Mar 22 03:49:18 +0000 2025,27,Udah pada puas belom yang ngomong siapapun yang mimpin bakal sama aja atau gw pilih dia karena gemoy ??? TOLOLLLLLLLL. #TolakRUUTNI #TolakRevisiUUTNI #TolakRUUPolri #IndonesiaGelap #IndonesiaMakinGelap https://t.co/CUKEaeTklR,1903292877465415809,https://pbs.twimg.com/media/GmnayRNaEAAcQIf.jpg,,in,,2,0,14,https://x.com/padresdoter/status/1903292877465415809,117747933,padresdoter;;
1903354026516955209,Sat Mar 22 07:52:17 +0000 2025,25,Entah dirajam bakar atau penggal; tapi mereka tidak peduli bahwa aku sekali lagi meregang nyawa di sini sekali lagi. #CabutRUUTNI #TolakRUUTNI #TolakRevisiUUTNI #PeringatanDarurat #IndonesiaGelap https://t.co/a8t4bmOEJO,1903354026516955209,https://pbs.twimg.com/media/GmoSZMyaEAMCKcY.jpg,,in,ic; helspikanojo,0,0,24,https://x.com/duhairembulan/status/1903354026516955209,1795777099074359297,duhairembulan
"1903106346540757229,Fri Mar 21 15:28:05 +0000 2025,196,Bangun Orang Waras #ArtistBersuara #IndonesiaGelap https://t.co/SHZRZXqkAQ,1903106346540757229,https://pbs.twimg.com/ext_tw_video_thumb/1903106255373340674/pu/img/xk6dqo3rRpnjhZMS.jpg,,in,""Bandung, Jawa Barat"",1,3,85,https://x.com/BusuMaju/status/1903106346540757229,375294723,BusuMaju";;
1903189833914425501,Fri Mar 21 20:59:50 +0000 2025,77,Sesungguhnya suara itu bukan perampok yg ingin merayah hartamu. ia ingin bicara Mengapa kau kokang senjata &amp; gemetar ketika suara-suara itu menuntut keadilan? Bandung 21-22 Maret 2025. #TolakRUUTNI #IndonesiaGelap https://t.co/qgNpMWAKYX,1903189833914425501,https://pbs.twimg.com/ext_tw_video_thumb/1903189571837521920/pu/img/tN0Y6s_xBjlNxF9L.jpg,,in,Kopo Territory,2,2,36,https://x.com/CowboyyFromHell/status/1903189833914425501,1111867234446536704,CowboyyFromHell;
1903109374018785781,Fri Mar 21 15:40:07 +0000 2025,1479,Not [17s] related karna caratland udah selesai yuu kita bahu membahu naikin ht dibawah ini #.TolakRUUTNI #.TolakRevisiUUTNI #.PeringatanDarurat #.IndonesiaGelap #.TolakDwifungsiABRI #.TolakRUUPolri #.TolakRUUKejaksaan https://t.co/EoEIHt09Go,1903109374018785781,https://pbs.twimg.com/media/Gmkz47SWAAAlVN_.jpg,,in,We don't own any content,12,704,804,https://x.com/caratstalk/status/1903109374018785781,988230993231269889,caratstalk;;
